<?xml version="1.0" encoding="utf-8"?>
<Database>
	<LocalizedText>
		<Row Tag="LOC_MOD_BORDER_TOGGLES_NAME" Language="it_IT">
			<Text>Border Toggles</Text>
		</Row>
		<Row Tag="LOC_MOD_BORDER_TOGGLES_DESCRIPTION" Language="it_IT">
			<Text>Aggiunge un'opzione per mostrare/nascondere i confini delle civiltà e delle città. I confini delle città indicano a quale casella appartiene ogni città, utile per città vicine tra loro.
			</Text>
		</Row>
		<Row Tag="LOC_MOD_BORDER_TOGGLES_SPECIALTHANKS" Language="it_IT">
			<Text>Borush96, Chr1Z, F1rstDan, Gusjeon, iBlockZer0, J437, leonardify, Somchai2548 e Webrok per le traduzioni.</Text>
		</Row>
		<Row Tag="LOC_MOD_BORDER_TOGGLES_COMPATIBILITY" Language="it_IT">
			<Text>Dovrebbe essere compatibile con tutte le mod aggiornate.</Text>
		</Row>
	</LocalizedText>
</Database>
