<?xml version="1.0" encoding="utf-8"?>
<Database>
    <EnglishText>
        <Row Tag="LOC_MOD_F1RSTDAN_COOL_UI_NAME">
            <Text>F1rstDan's Cool UI</Text>
        </Row>
        <Row Tag="LOC_MOD_F1RSTDAN_COOL_UI_DESCRIPTION">
            <Text>City Production Management Upgraded: Hover-preview resource details, instant one-click purchases, and real-time displays of population distribution, maintenance costs, and critical data. Streamlined operations with intuitive design for smarter decision-making!</Text>
        </Row>
    </EnglishText>
</Database>
