<?xml version="1.0" encoding="utf-8"?>
<Database>
    <LocalizedText>
        <Replace Tag="LOC_BZ_GROUPED_DIGITS" Language="zh_Hant_HK">
            <Text>{1_amount: number #,###;-#,###}</Text>
        </Replace>
        <Replace Tag="LOC_BZ_GROUPED_MODIFIER" Language="zh_Hant_HK">
            <Text>{1_amount: number +#,###;-#,###}</Text>
        </Replace>
        <Replace Tag="LOC_BZ_SETTLEMENT_CONNECTIONS" Language="zh_Hant_HK">
            <Text>連接定居點</Text>
        </Replace>
        <Replace Tag="LOC_BZ_UI_CITY_DETAILS_OVERVIEW_TAB" Language="zh_Hant_HK">
            <Text>總覽</Text>
        </Replace>
        <Replace Tag="LOC_OPTIONS_GROUP_BZ_MODS" Language="zh_Hant_HK">
            <Text>trixie 系列模組</Text>
        </Replace>
    </LocalizedText>
</Database>
