<?xml version="1.0" encoding="utf-8"?>
<Database>
    <LocalizedText>
        <Row Tag="LOC_BZ_CITY_CONNECTIONS" Language="ko_KR">
            <Text>연결된 정착지 • {1_cities}[icon:YIELD_CITIES] {2_towns}[icon:YIELD_TOWNS]</Text>
        </Row>
        <Row Tag="LOC_BZ_IMPROVEMENT_FOR_TILE" Language="ko_KR">
            <Text>건설 가능 {1_icon} {2_name}</Text>
        </Row>
        <Row Tag="LOC_BZ_IMPROVEMENT_FOR_RESOURCE" Language="ko_KR">
            <Text>건설 필요 {1_icon} {2_name}</Text>
        </Row>
        <Row Tag="LOC_BZ_IMPROVEMENT_FOR_WAREHOUSE" Language="ko_KR">
            <Text>(이전에 {1_icon} {2_name})</Text>
        </Row>
        <Row Tag="LOC_BZ_PLOTKEY_NO_FRESHWATER" Language="ko_KR">
            <Text>도시에 담수 없음</Text>
        </Row>
        <Row Tag="LOC_BZ_RELIGION_MAJORITY" Language="ko_KR">
            <Text>대다수 {1_icon} {2_name}</Text>
        </Row>
        <Row Tag="LOC_BZ_RELIGION_RURAL" Language="ko_KR">
            <Text>교외 {1_icon} {2_name}</Text>
        </Row>
        <Row Tag="LOC_BZ_RELIGION_URBAN" Language="ko_KR">
            <Text>시가지 {1_icon} {2_name}</Text>
        </Row>
        <Row Tag="LOC_DISTRICT_BZ_CITY_STATE" Language="ko_KR">
            <Text>도시 국가</Text>
        </Row>
        <Row Tag="LOC_DISTRICT_BZ_DISCOVERY" Language="ko_KR">
            <Text>발견물</Text>
        </Row>
        <Row Tag="LOC_DISTRICT_BZ_INDEPENDENT" Language="ko_KR">
            <Text>독립 세력</Text>
        </Row>
        <Row Tag="LOC_DISTRICT_BZ_SPECIALISTS" Language="ko_KR">
            <Text>전문가 [icon:CITY_SPECIAL_BASE] {1_number}/{2_maximum}</Text>
        </Row>
        <Row Tag="LOC_DISTRICT_BZ_TOWN_CENTER" Language="ko_KR">
            <Text>도심부</Text>
        </Row>
        <Row Tag="LOC_DISTRICT_BZ_URBAN_DISTRICT" Language="ko_KR">
            <Text>시가지</Text>
        </Row>
        <Row Tag="LOC_DISTRICT_BZ_URBAN_QUARTER" Language="ko_KR">
            <Text>구역</Text>
        </Row>
        <Row Tag="LOC_DISTRICT_BZ_URBAN_VACANT" Language="ko_KR">
            <Text>빈 시가지</Text>
        </Row>
        <Row Tag="LOC_INDEPENDENT_BZ_RELATIONSHIP_TRIBUTARY" Language="ko_KR">
            <Text>종속국</Text>
        </Row>
        <Row Tag="LOC_LEADER_BZ_PEOPLE_NAME" Language="ko_KR">
            <Text>{1_name} 민족</Text>
        </Row>
        <Row Tag="LOC_OPTIONS_BZ_MAP_TRIX_VERBOSE" Language="ko_KR">
            <Text>Map Trix • 세부 정보 수준</Text>
        </Row>
        <Row Tag="LOC_OPTIONS_BZ_MAP_TRIX_VERBOSE_DESCRIPTION" Language="ko_KR">
            <Text>얼마나 많은 세부 정보를 표시할 것인지 결정합니다.[N] [N][B]단축키[/B][N]간결 • Ctrl[N]상세 • Shift[N]숨김 • Ctrl+Shift</Text>
        </Row>
        <Row Tag="LOC_OPTIONS_BZ_RESTYLE_YIELD_BANNER" Language="ko_KR">
            <Text>Map Trix • 상부 배너 재 디자인</Text>
        </Row>
        <Row Tag="LOC_OPTIONS_BZ_RESTYLE_YIELD_BANNER_DESCRIPTION" Language="ko_KR">
            <Text>trixie의 다양한 모드에서 사용된 둥근 색 강조와 일치하도록 상단 바를 재디자인합니다.</Text>
        </Row>
        <Row Tag="LOC_OPTIONS_BZ_VERBOSITY_HIDDEN" Language="ko_KR">
            <Text>숨김</Text>
        </Row>
        <Row Tag="LOC_OPTIONS_BZ_VERBOSITY_COMPACT" Language="ko_KR">
            <Text>간결</Text>
        </Row>
        <Row Tag="LOC_OPTIONS_BZ_VERBOSITY_STANDARD" Language="ko_KR">
            <Text>표준</Text>
        </Row>
        <Row Tag="LOC_OPTIONS_BZ_VERBOSITY_VERBOSE" Language="ko_KR">
            <Text>상세</Text>
        </Row>
        <Replace Tag="LOC_OPTIONS_GROUP_BZ_MODS" Language="ko_KR">
            <Text>trixie의 다양한 모드</Text>
        </Replace>
        <Row Tag="LOC_RESOURCECLASS_BONUS_NAME_BZ" Language="ko_KR">
            <Text>보너스 자원</Text>
        </Row>
        <Row Tag="LOC_RESOURCECLASS_CITY_NAME_BZ" Language="ko_KR">
            <Text>도시 자원</Text>
        </Row>
        <Row Tag="LOC_RESOURCECLASS_EMPIRE_NAME_BZ" Language="ko_KR">
            <Text>제국 자원</Text>
        </Row>
        <Row Tag="LOC_RESOURCECLASS_FACTORY_NAME_BZ" Language="ko_KR">
            <Text>공장 자원</Text>
        </Row>
        <Row Tag="LOC_RESOURCECLASS_TREASURE_NAME_BZ" Language="ko_KR">
            <Text>보물 자원</Text>
        </Row>
        <Row Tag="LOC_STATE_BZ_UNIQUE" Language="ko_KR">
            <Text>특유</Text>
        </Row>
        <Row Tag="LOC_YIELD_BZ_TOTAL" Language="ko_KR">
            <Text>총 생산량</Text>
        </Row>
    </LocalizedText>
</Database>
