<?xml version="1.0" encoding="utf-8"?>
<Database>
    <LocalizedText>
        <Replace Tag="LOC_BZ_PEOPLE_NAME" Language="ko_KR">
            <Text>{1_name} 민족</Text>
        </Replace>
        <Replace Tag="LOC_BZ_RELATIONSHIP_TRIBUTARY" Language="ko_KR">
            <Text>종속국</Text>
        </Replace>
        <Replace Tag="LOC_BZ_SETTLEMENT_CITY_STATE" Language="ko_KR">
            <Text>도시 국가</Text>
        </Replace>
        <Replace Tag="LOC_BZ_WAS_PREVIOUSLY" Language="ko_KR">
            <Text>(이전에 {1_name})</Text>
        </Replace>
        <Replace Tag="LOC_BZ_IMPROVEMENT_FOR_TILE" Language="ko_KR">
            <Text>건설 가능 {1_icon} {2_name}</Text>
        </Replace>
        <Replace Tag="LOC_BZ_IMPROVEMENT_FOR_RESOURCE" Language="ko_KR">
            <Text>건설 필요 {1_icon} {2_name}</Text>
        </Replace>
        <Replace Tag="LOC_DISTRICT_BZ_DISCOVERY" Language="ko_KR">
            <Text>발견물</Text>
        </Replace>
        <Replace Tag="LOC_DISTRICT_BZ_INDEPENDENT" Language="ko_KR">
            <Text>독립 세력</Text>
        </Replace>
        <Replace Tag="LOC_DISTRICT_BZ_TOWN_CENTER" Language="ko_KR">
            <Text>도심부</Text>
        </Replace>
        <Replace Tag="LOC_DISTRICT_BZ_URBAN_VACANT" Language="ko_KR">
            <Text>빈 시가지</Text>
        </Replace>
        <Replace Tag="LOC_OPTIONS_BZ_COMLENS_NONE" Language="ko_KR">
            <Text>없음</Text>
        </Replace>
        <Replace Tag="LOC_OPTIONS_BZ_COMLENS_COMMANDERS" Language="ko_KR">
            <Text>사령관</Text>
        </Replace>
        <Replace Tag="LOC_OPTIONS_BZ_COMLENS_MILITARY" Language="ko_KR">
            <Text>모든 군사 유닛</Text>
        </Replace>
        <Replace Tag="LOC_OPTIONS_BZ_COMLENS_RECON" Language="ko_KR">
            <Text>군사 및 정찰 유닛</Text>
        </Replace>
        <Replace Tag="LOC_OPTIONS_BZ_COMMANDER_LENS" Language="ko_KR">
            <Text>Map Trix • 사령관 렌즈 활성화</Text>
        </Replace>
        <Replace Tag="LOC_OPTIONS_BZ_COMMANDER_LENS_DESCRIPTION" Language="ko_KR">
            <Text>사령관 렌즈를 활성화할 유닛을 선택하세요.</Text>
        </Replace>
        <Replace Tag="LOC_OPTIONS_BZ_MAP_TRIX_VERBOSE" Language="ko_KR">
            <Text>Map Trix • 세부 정보 수준</Text>
        </Replace>
        <Replace Tag="LOC_OPTIONS_BZ_MAP_TRIX_VERBOSE_DESCRIPTION" Language="ko_KR">
            <Text>얼마나 많은 세부 정보를 표시할 것인지 결정합니다.[N] [N][B]단축키[/B][N]간결 • Ctrl[N]상세 • Shift[N]숨김 • Ctrl+Shift</Text>
        </Replace>
        <Replace Tag="LOC_OPTIONS_BZ_RESTYLE_YIELD_BANNER" Language="ko_KR">
            <Text>Map Trix • 상부 배너 재 디자인</Text>
        </Replace>
        <Replace Tag="LOC_OPTIONS_BZ_RESTYLE_YIELD_BANNER_DESCRIPTION" Language="ko_KR">
            <Text>trixie의 다양한 모드에서 사용된 둥근 색 강조와 일치하도록 상단 바를 재디자인합니다.</Text>
        </Replace>
        <Replace Tag="LOC_OPTIONS_BZ_VERBOSITY_HIDDEN" Language="ko_KR">
            <Text>숨김</Text>
        </Replace>
        <Replace Tag="LOC_OPTIONS_BZ_VERBOSITY_COMPACT" Language="ko_KR">
            <Text>간결</Text>
        </Replace>
        <Replace Tag="LOC_OPTIONS_BZ_VERBOSITY_STANDARD" Language="ko_KR">
            <Text>표준</Text>
        </Replace>
        <Replace Tag="LOC_OPTIONS_BZ_VERBOSITY_VERBOSE" Language="ko_KR">
            <Text>상세</Text>
        </Replace>
        <Replace Tag="LOC_OPTIONS_GROUP_BZ_MODS" Language="ko_KR">
            <Text>trixie의 다양한 모드</Text>
        </Replace>
        <Replace Tag="LOC_STATE_BZ_UNIQUE" Language="ko_KR">
            <Text>특유</Text>
        </Replace>
        <Replace Tag="LOC_UI_KBM_MAPPING_TOGGLE_BZ_BORDERS" Language="ko_KR">
            <Text>국경</Text>
        </Replace>
        <Replace Tag="LOC_UI_KBM_MAPPING_TOGGLE_BZ_BORDERS_TT" Language="ko_KR">
            <Text>국경의 가시성을 전환합니다.</Text>
        </Replace>
        <Replace Tag="LOC_UI_KBM_MAPPING_TOGGLE_BZ_CITY_BORDERS" Language="ko_KR">
            <Text>도시 경계</Text>
        </Replace>
        <Replace Tag="LOC_UI_KBM_MAPPING_TOGGLE_BZ_CITY_BORDERS_TT" Language="ko_KR">
            <Text>도시와 제국 경계 사이를 전환합니다.</Text>
        </Replace>
        <Replace Tag="LOC_UI_KBM_MAPPING_TOGGLE_BZ_DISCOVERY_ICONS" Language="ko_KR">
            <Text>발견 아이콘</Text>
        </Replace>
        <Replace Tag="LOC_UI_KBM_MAPPING_TOGGLE_BZ_DISCOVERY_ICONS_TT" Language="ko_KR">
            <Text>발견 아이콘의 가시성을 전환합니다.</Text>
        </Replace>
        <Replace Tag="LOC_UI_KBM_MAPPING_TOGGLE_BZ_FORTIFICATION_ICONS" Language="ko_KR">
            <Text>요새 아이콘</Text>
        </Replace>
        <Replace Tag="LOC_UI_KBM_MAPPING_TOGGLE_BZ_FORTIFICATION_ICONS_TT" Language="ko_KR">
            <Text>요새 아이콘의 가시성을 전환합니다.</Text>
        </Replace>
        <Replace Tag="LOC_UI_KBM_MAPPING_TOGGLE_BZ_RELIGION_ICONS" Language="ko_KR">
            <Text>종교 아이콘</Text>
        </Replace>
        <Replace Tag="LOC_UI_KBM_MAPPING_TOGGLE_BZ_RELIGION_ICONS_TT" Language="ko_KR">
            <Text>종교 아이콘의 가시성을 전환합니다.</Text>
        </Replace>
        <Replace Tag="LOC_UI_KBM_MAPPING_TOGGLE_BZ_ROUTE_LAYER" Language="ko_KR">
            <Text>로드맵</Text>
        </Replace>
        <Replace Tag="LOC_UI_KBM_MAPPING_TOGGLE_BZ_ROUTE_LAYER_TT" Language="ko_KR">
            <Text>로드맵의 가시성을 전환합니다.</Text>
        </Replace>
        <Replace Tag="LOC_UI_KBM_MAPPING_TOGGLE_BZ_TERRAIN_LAYER" Language="ko_KR">
            <Text>지형 특성</Text>
        </Replace>
        <Replace Tag="LOC_UI_KBM_MAPPING_TOGGLE_BZ_TERRAIN_LAYER_TT" Language="ko_KR">
            <Text>지형 특성의 가시성을 전환합니다.</Text>
        </Replace>
        <Replace Tag="LOC_UI_MINI_MAP_BZ_BORDERS" Language="ko_KR">
            <Text>국경</Text>
        </Replace>
        <Replace Tag="LOC_UI_MINI_MAP_BZ_CITY_BORDERS" Language="ko_KR">
            <Text>도시 경계</Text>
        </Replace>
        <Replace Tag="LOC_UI_MINI_MAP_BZ_DISCOVERY" Language="ko_KR">
            <Text>발견물</Text>
        </Replace>
        <Replace Tag="LOC_UI_MINI_MAP_BZ_FORTIFICATION" Language="ko_KR">
            <Text>요새</Text>
        </Replace>
        <Replace Tag="LOC_UI_MINI_MAP_BZ_ROUTE" Language="ko_KR">
            <Text>도로</Text>
        </Replace>
        <Replace Tag="LOC_UI_MINI_MAP_BZ_TERRAIN" Language="ko_KR">
            <Text>지형</Text>
        </Replace>
        <Replace Tag="LOC_YIELD_BZ_TOTAL" Language="ko_KR">
            <Text>총 생산량</Text>
        </Replace>
    </LocalizedText>
</Database>
