<?xml version="1.0" encoding="utf-8"?>
<Database>
	<EnglishText>
		<Row Tag="LOC_CRAI_CMP_UI_CITY_VIEW_CONVERT_TO_URBAN_YIELD_PENALTY_WARNING">
			<Text>Base Yield Loss</Text>
		</Row>
		<Row Tag="LOC_CRAI_CMP_UI_CITY_VIEW_CONVERT_TO_URBAN_YIELD_PENALTY_DESCRIPTION">
			<Text>Converting this tile to an Urban tile will remove the following base yield from
				it:</Text>
		</Row>
		<Row Tag="LOC_CRAI_CMP_MOD_NAME">
			<Text>DanielD1909's Mod Pack</Text>
		</Row>
		<Row Tag="LOC_CRAI_CMP_MOD_DESCRIPTION">
			<Text>
			<p>This pack is a combination of various UI mods with useful lenses that I have combined together, specifically:</p>
			<p>• Craimasjien's Mod Pack by Craimasjien (UI mod w/ Religion Lens)</p>
			<p>• Discovery Lens by wltk</p>
			<p>• More Lenses - Trade Lens by Blob Ross</p>
			<p>• Moxl Map Search by Moxl</p>
			</Text>
		</Row>
	</EnglishText>
</Database>