<?xml version="1.0" encoding="utf-8"?>
<Database>
    <EnglishText>
        <Row Tag="LOC_MOD_F1RSTDAN_COOL_UI_NAME" Language="zh_Hans_CN">
            <Text>F1rstDan 炫酷UI调整</Text>
        </Row>
        <Row Tag="LOC_MOD_F1RSTDAN_COOL_UI_DESCRIPTION" Language="zh_Hans_CN">
            <Text>「城市生产管理全面升级，悬停预览资源详情、一键快捷购买，展示人口及维护费用等关键数据，操作高效直观，助力决策更精准！」</Text>
        </Row>
    </EnglishText>
</Database>
