<?xml version="1.0" encoding="utf-8"?>
<Database>
    <LocalizedText>
        <Replace Tag="LOC_BZ_PEOPLE_NAME" Language="zh_Hant_HK">
            <Text>{1_name} 民族</Text>
        </Replace>
        <Replace Tag="LOC_BZ_RELATIONSHIP_TRIBUTARY" Language="zh_Hant_HK">
            <Text>朝貢國</Text>
        </Replace>
        <Replace Tag="LOC_BZ_SETTLEMENT_CITY_STATE" Language="zh_Hant_HK">
            <Text>城邦</Text>
        </Replace>
        <Replace Tag="LOC_BZ_WAS_PREVIOUSLY" Language="zh_Hant_HK">
            <Text>(原為 {1_name})</Text>
        </Replace>
        <Replace Tag="LOC_BZ_IMPROVEMENT_FOR_TILE" Language="zh_Hant_HK">
            <Text>可建造 {1_icon} {2_name}</Text>
        </Replace>
        <Replace Tag="LOC_BZ_IMPROVEMENT_FOR_RESOURCE" Language="zh_Hant_HK">
            <Text>需建造 {1_icon} {2_name}</Text>
        </Replace>
        <Replace Tag="LOC_DISTRICT_BZ_DISCOVERY" Language="zh_Hant_HK">
            <Text>發現物</Text>
        </Replace>
        <Replace Tag="LOC_DISTRICT_BZ_INDEPENDENT" Language="zh_Hant_HK">
            <Text>獨立勢力</Text>
        </Replace>
        <Replace Tag="LOC_DISTRICT_BZ_TOWN_CENTER" Language="zh_Hant_HK">
            <Text>城鎮中心</Text>
        </Replace>
        <Replace Tag="LOC_DISTRICT_BZ_URBAN_DISTRICT" Language="zh_Hant_HK">
            <Text>城市區</Text>
        </Replace>
        <Replace Tag="LOC_DISTRICT_BZ_URBAN_QUARTER" Language="zh_Hant_HK">
            <Text>城市分區</Text>
        </Replace>
        <Replace Tag="LOC_DISTRICT_BZ_URBAN_VACANT" Language="zh_Hant_HK">
            <Text>空置區</Text>
        </Replace>
        <Replace Tag="LOC_OPTIONS_BZ_MAP_TRIX_VERBOSE" Language="zh_Hant_HK">
            <Text>Map Trix • 詳細程度</Text>
        </Replace>
        <Replace Tag="LOC_OPTIONS_BZ_MAP_TRIX_VERBOSE_DESCRIPTION" Language="zh_Hant_HK">
            <Text>顯示多少細節[N] [N][B]快速鍵[/B][N]簡洁的　Ctrl[N]詳細　　Shift[N]隱　　　Ctrl+Shift</Text>
        </Replace>
        <Replace Tag="LOC_OPTIONS_BZ_RESTYLE_YIELD_BANNER" Language="zh_Hant_HK">
            <Text>Map Trix • 頂部橫幅重製</Text>
        </Replace>
        <Replace Tag="LOC_OPTIONS_BZ_RESTYLE_YIELD_BANNER_DESCRIPTION" Language="zh_Hant_HK">
            <Text>將頂部橫幅樣式改為與 trixie 系列模組相同的圓角彩色高亮風格</Text>
        </Replace>
        <Replace Tag="LOC_OPTIONS_BZ_VERBOSITY_HIDDEN" Language="zh_Hant_HK">
            <Text>隱</Text>
        </Replace>
        <Replace Tag="LOC_OPTIONS_BZ_VERBOSITY_COMPACT" Language="zh_Hant_HK">
            <Text>簡洁的</Text>
        </Replace>
        <Replace Tag="LOC_OPTIONS_BZ_VERBOSITY_STANDARD" Language="zh_Hant_HK">
            <Text>標準</Text>
        </Replace>
        <Replace Tag="LOC_OPTIONS_BZ_VERBOSITY_VERBOSE" Language="zh_Hant_HK">
            <Text>詳細</Text>
        </Replace>
        <Replace Tag="LOC_OPTIONS_GROUP_BZ_MODS" Language="zh_Hant_HK">
            <Text>trixie 系列模組</Text>
        </Replace>
        <Replace Tag="LOC_STATE_BZ_UNIQUE" Language="zh_Hant_HK">
            <Text>獨特</Text>
        </Replace>
        <Replace Tag="LOC_YIELD_BZ_TOTAL" Language="zh_Hant_HK">
            <Text>總產出</Text>
        </Replace>
    </LocalizedText>
</Database>
