<?xml version="1.0" encoding="utf-8"?>
<Database>
    <LocalizedText>
        <Replace Tag="LOC_BZ_PEOPLE_NAME" Language="zh_Hant_HK">
            <Text>{1_name} 民族</Text>
        </Replace>
        <Replace Tag="LOC_BZ_RELATIONSHIP_TRIBUTARY" Language="zh_Hant_HK">
            <Text>朝貢國</Text>
        </Replace>
        <Replace Tag="LOC_BZ_SETTLEMENT_CITY_STATE" Language="zh_Hant_HK">
            <Text>城邦</Text>
        </Replace>
        <Replace Tag="LOC_BZ_WAS_PREVIOUSLY" Language="zh_Hant_HK">
            <Text>(原為 {1_name})</Text>
        </Replace>
        <Replace Tag="LOC_BZ_IMPROVEMENT_FOR_TILE" Language="zh_Hant_HK">
            <Text>可建造 {1_icon} {2_name}</Text>
        </Replace>
        <Replace Tag="LOC_BZ_IMPROVEMENT_FOR_RESOURCE" Language="zh_Hant_HK">
            <Text>需建造 {1_icon} {2_name}</Text>
        </Replace>
        <Replace Tag="LOC_DISTRICT_BZ_DISCOVERY" Language="zh_Hant_HK">
            <Text>發現</Text>
        </Replace>
        <Replace Tag="LOC_DISTRICT_BZ_INDEPENDENT" Language="zh_Hant_HK">
            <Text>獨立勢力</Text>
        </Replace>
        <Replace Tag="LOC_DISTRICT_BZ_TOWN_CENTER" Language="zh_Hant_HK">
            <Text>城鎮中心</Text>
        </Replace>
        <Replace Tag="LOC_DISTRICT_BZ_URBAN_VACANT" Language="zh_Hant_HK">
            <Text>空置區</Text>
        </Replace>
        <Replace Tag="LOC_OPTIONS_BZ_COMLENS_NONE" Language="zh_Hant_HK">
            <Text>無</Text>
        </Replace>
        <Replace Tag="LOC_OPTIONS_BZ_COMLENS_COMMANDERS" Language="zh_Hant_HK">
            <Text>指揮官</Text>
        </Replace>
        <Replace Tag="LOC_OPTIONS_BZ_COMLENS_MILITARY" Language="zh_Hant_HK">
            <Text>所有軍事單位</Text>
        </Replace>
        <Replace Tag="LOC_OPTIONS_BZ_COMLENS_RECON" Language="zh_Hant_HK">
            <Text>軍事和偵察單位</Text>
        </Replace>
        <Replace Tag="LOC_OPTIONS_BZ_COMMANDER_LENS" Language="zh_Hant_HK">
            <Text>Map Trix • 啟動指揮官視圖</Text>
        </Replace>
        <Replace Tag="LOC_OPTIONS_BZ_COMMANDER_LENS_DESCRIPTION" Language="zh_Hant_HK">
            <Text>選擇要啟動指揮官視圖的單位。</Text>
        </Replace>
        <Replace Tag="LOC_OPTIONS_BZ_MAP_TRIX_VERBOSE" Language="zh_Hant_HK">
            <Text>Map Trix • 詳細程度</Text>
        </Replace>
        <Replace Tag="LOC_OPTIONS_BZ_MAP_TRIX_VERBOSE_DESCRIPTION" Language="zh_Hant_HK">
            <Text>顯示多少細節[N] [N][B]快速鍵[/B][N]簡洁的　Ctrl[N]詳細　　Shift[N]隱　　　Ctrl+Shift</Text>
        </Replace>
        <Replace Tag="LOC_OPTIONS_BZ_RESTYLE_YIELD_BANNER" Language="zh_Hant_HK">
            <Text>Map Trix • 頂部橫幅重製</Text>
        </Replace>
        <Replace Tag="LOC_OPTIONS_BZ_RESTYLE_YIELD_BANNER_DESCRIPTION" Language="zh_Hant_HK">
            <Text>將頂部橫幅樣式改為與 trixie 系列模組相同的圓角彩色高亮風格</Text>
        </Replace>
        <Replace Tag="LOC_OPTIONS_BZ_VERBOSITY_HIDDEN" Language="zh_Hant_HK">
            <Text>隱</Text>
        </Replace>
        <Replace Tag="LOC_OPTIONS_BZ_VERBOSITY_COMPACT" Language="zh_Hant_HK">
            <Text>簡洁的</Text>
        </Replace>
        <Replace Tag="LOC_OPTIONS_BZ_VERBOSITY_STANDARD" Language="zh_Hant_HK">
            <Text>標準</Text>
        </Replace>
        <Replace Tag="LOC_OPTIONS_BZ_VERBOSITY_VERBOSE" Language="zh_Hant_HK">
            <Text>詳細</Text>
        </Replace>
        <Replace Tag="LOC_OPTIONS_GROUP_BZ_MODS" Language="zh_Hant_HK">
            <Text>trixie 系列模組</Text>
        </Replace>
        <Replace Tag="LOC_STATE_BZ_UNIQUE" Language="zh_Hant_HK">
            <Text>獨特</Text>
        </Replace>
        <Replace Tag="LOC_UI_KBM_MAPPING_TOGGLE_BZ_BORDERS" Language="zh_Hant_HK">
            <Text>開啟/關閉邊界的可見度</Text>
        </Replace>
        <Replace Tag="LOC_UI_KBM_MAPPING_TOGGLE_BZ_BORDERS_TT" Language="zh_Hant_HK">
            <Text>開啟/關閉邊界的可見度。</Text>
        </Replace>
        <Replace Tag="LOC_UI_KBM_MAPPING_TOGGLE_BZ_CITY_BORDERS" Language="zh_Hant_HK">
            <Text>開啟/關閉聚落邊界的可見度</Text>
        </Replace>
        <Replace Tag="LOC_UI_KBM_MAPPING_TOGGLE_BZ_CITY_BORDERS_TT" Language="zh_Hant_HK">
            <Text>開啟/關閉聚落邊界的可見度。</Text>
        </Replace>
        <Replace Tag="LOC_UI_KBM_MAPPING_TOGGLE_BZ_DISCOVERY_ICONS" Language="zh_Hant_HK">
            <Text>開啟/關閉發現圖示</Text>
        </Replace>
        <Replace Tag="LOC_UI_KBM_MAPPING_TOGGLE_BZ_DISCOVERY_ICONS_TT" Language="zh_Hant_HK">
            <Text>開啟/關閉發現圖示的可見度。</Text>
        </Replace>
        <Replace Tag="LOC_UI_KBM_MAPPING_TOGGLE_BZ_FORTIFICATION_ICONS" Language="zh_Hant_HK">
            <Text>開啟/關閉防禦工事圖示</Text>
        </Replace>
        <Replace Tag="LOC_UI_KBM_MAPPING_TOGGLE_BZ_FORTIFICATION_ICONS_TT" Language="zh_Hant_HK">
            <Text>開啟/關閉防禦工事圖示的可見度。</Text>
        </Replace>
        <Replace Tag="LOC_UI_KBM_MAPPING_TOGGLE_BZ_RELIGION_ICONS" Language="zh_Hant_HK">
            <Text>開啟/關閉宗教圖示</Text>
        </Replace>
        <Replace Tag="LOC_UI_KBM_MAPPING_TOGGLE_BZ_RELIGION_ICONS_TT" Language="zh_Hant_HK">
            <Text>開啟/關閉宗教圖示的可見度。</Text>
        </Replace>
        <Replace Tag="LOC_UI_KBM_MAPPING_TOGGLE_BZ_ROUTE_LAYER" Language="zh_Hant_HK">
            <Text>開啟/關閉路線圖</Text>
        </Replace>
        <Replace Tag="LOC_UI_KBM_MAPPING_TOGGLE_BZ_ROUTE_LAYER_TT" Language="zh_Hant_HK">
            <Text>開啟/關閉路線圖的可見度。</Text>
        </Replace>
        <Replace Tag="LOC_UI_KBM_MAPPING_TOGGLE_BZ_TERRAIN_LAYER" Language="zh_Hant_HK">
            <Text>開啟/關閉地形特徵</Text>
        </Replace>
        <Replace Tag="LOC_UI_KBM_MAPPING_TOGGLE_BZ_TERRAIN_LAYER_TT" Language="zh_Hant_HK">
            <Text>開啟/關閉地形特徵的可見度。</Text>
        </Replace>
        <Replace Tag="LOC_UI_MINI_MAP_BZ_BORDERS" Language="zh_Hant_HK">
            <Text>邊界</Text>
        </Replace>
        <Replace Tag="LOC_UI_MINI_MAP_BZ_CITY_BORDERS" Language="zh_Hant_HK">
            <Text>聚落邊界</Text>
        </Replace>
        <Replace Tag="LOC_UI_MINI_MAP_BZ_DISCOVERY" Language="zh_Hant_HK">
            <Text>發現</Text>
        </Replace>
        <Replace Tag="LOC_UI_MINI_MAP_BZ_FORTIFICATION" Language="zh_Hant_HK">
            <Text>防禦工事</Text>
        </Replace>
        <Replace Tag="LOC_UI_MINI_MAP_BZ_ROUTE" Language="zh_Hant_HK">
            <Text>道路</Text>
        </Replace>
        <Replace Tag="LOC_UI_MINI_MAP_BZ_TERRAIN" Language="zh_Hant_HK">
            <Text>地形</Text>
        </Replace>
        <Replace Tag="LOC_YIELD_BZ_TOTAL" Language="zh_Hant_HK">
            <Text>總產出</Text>
        </Replace>
    </LocalizedText>
</Database>
