<?xml version="1.0" encoding="utf-8"?>
<Database>
    <LocalizedText>
        <Replace Tag="LOC_BZ_GROUPED_DIGITS" Language="zh_Hant_HK">
            <Text>{1_amount: number #,###;-#,###}</Text>
        </Replace>
        <Replace Tag="LOC_BZ_GROUPED_MODIFIER" Language="zh_Hant_HK">
            <Text>{1_amount: number +#,###;-#,###}</Text>
        </Replace>
        <Replace Tag="LOC_BZ_PEOPLE_NAME" Language="zh_Hant_HK">
            <Text>{1_name} 民族</Text>
        </Replace>
        <Replace Tag="LOC_BZ_RELATIONSHIP_TRIBUTARY" Language="zh_Hant_HK">
            <Text>朝貢國</Text>
        </Replace>
        <Replace Tag="LOC_BZ_SETTLEMENT_CITY_STATE" Language="zh_Hant_HK">
            <Text>城邦</Text>
        </Replace>
        <Replace Tag="LOC_BZ_SETTLEMENT_CONNECTIONS" Language="zh_Hant_HK">
            <Text>連接定居點</Text>
        </Replace>
        <Replace Tag="LOC_BZ_WAS_PREVIOUSLY" Language="zh_Hant_HK">
            <Text>(原為 {1_name})</Text>
        </Replace>
        <Replace Tag="LOC_OPTIONS_BZ_CITY_BANNERS" Language="zh_Hant_HK">
            <Text>Flag Corps • 城市旗幟重製</Text>
        </Replace>
        <Replace Tag="LOC_OPTIONS_BZ_CITY_BANNERS_DESCRIPTION" Language ="zh_Hant_HK">
            <Text>城市旗幟的風格更加優雅一致。</Text>
        </Replace>
        <Replace Tag="LOC_OPTIONS_BZ_FLAGS_NO_HEADS" Language ="zh_Hant_HK">
            <Text>Flag Corps • 移除領導人的肖像</Text>
        </Replace>
        <Replace Tag="LOC_OPTIONS_BZ_FLAGS_NO_HEADS_DESCRIPTION" Language ="zh_Hant_HK">
            <Text>移除城市橫幅上的領袖肖像。</Text>
        </Replace>
        <Replace Tag="LOC_OPTIONS_BZ_FLAGS_NO_SHADOW" Language ="zh_Hant_HK">
            <Text>Flag Corps • 移除單位旗幟的黑影</Text>
        </Replace>
        <Replace Tag="LOC_OPTIONS_BZ_FLAGS_NO_SHADOW_DESCRIPTION" Language ="zh_Hant_HK">
            <Text>移除單位旗幟上厚重的黑色輪廓。</Text>
        </Replace>
        <Replace Tag="LOC_OPTIONS_GROUP_BZ_MODS" Language="zh_Hant_HK">
            <Text>trixie 系列模組</Text>
        </Replace>
    </LocalizedText>
</Database>
