<?xml version="1.0" encoding="utf-8"?>
<Database>
    <LocalizedText>
        <Replace Tag="LOC_BZ_GROUPED_DIGITS" Language="it_IT">
            <Text>{1_amount: number #,###;-#,###}</Text>
        </Replace>
        <Replace Tag="LOC_BZ_GROUPED_MODIFIER" Language="it_IT">
            <Text>{1_amount: number +#,###;-#,###}</Text>
        </Replace>
        <Replace Tag="LOC_BZ_SETTLEMENT_CONNECTIONS" Language="it_IT">
            <Text>Connessioni</Text>
        </Replace>
        <Replace Tag="LOC_BZ_UI_CITY_DETAILS_OVERVIEW_TAB" Language="it_IT">
            <Text>Panoramica</Text>
        </Replace>
        <Replace Tag="LOC_OPTIONS_BZ_ONE_CLICK_REPAIRS" Language="it_IT">
            <Text>City Hall • riparazioni in un clic</Text>
        </Replace>
        <Replace Tag="LOC_OPTIONS_BZ_ONE_CLICK_REPAIRS_DESCRIPTION" Language="it_IT">
            <Text>Se è disponibile un'unica casella per la riparazione, salta la schermata di selezione edificio.</Text>
        </Replace>
        <Replace Tag="LOC_OPTIONS_GROUP_BZ_MODS" Language="it_IT">
            <Text>mod di Trixie</Text>
        </Replace>
    </LocalizedText>
</Database>
