<!-- AI Generated - Needs review by speaker -->
<?xml version="1.0" encoding="utf-8"?>
<Database>
	<LocalizedText>
		<Replace Tag="LOC_YIELD_GOLD_TOTAL" Language="zh_Hans_CN">
			<Text>可用金币总量。</Text>
		</Replace>
		<Replace Tag="LOC_YIELD_DIPLOMACY_TOTAL" Language="zh_Hans_CN">
			<Text>可用影响力总量。</Text>
		</Replace>
		<Replace Tag="LOC_YIELD_POPULATION_TOTAL" Language="zh_Hans_CN">
			<Text>总人口。</Text>
		</Replace>
		<Replace Tag="LOC_YIELD_MILITARY_POWER" Language="zh_Hans_CN">
			<Text>军事力量</Text>
		</Replace>
	</LocalizedText>
</Database>
