<!-- AI Generated - Needs review by speaker -->
<?xml version="1.0" encoding="utf-8"?>
<Database>
	<LocalizedText>
		<Replace Tag="LOC_YIELD_GOLD_TOTAL" Language="ja_JP">
			<Text>利用可能な金の総量。</Text>
		</Replace>
		<Replace Tag="LOC_YIELD_DIPLOMACY_TOTAL" Language="ja_JP">
			<Text>利用可能な影響力の総量。</Text>
		</Replace>
		<Replace Tag="LOC_YIELD_POPULATION_TOTAL" Language="ja_JP">
			<Text>総人口。</Text>
		</Replace>
		<Replace Tag="LOC_YIELD_MILITARY_POWER" Language="ja_JP">
			<Text>軍事力</Text>
		</Replace>
	</LocalizedText>
</Database>
