<!-- AI Generated - Needs review by speaker -->
<?xml version="1.0" encoding="utf-8"?>
<Database>
	<LocalizedText>
		<Replace Tag="LOC_YIELD_GOLD_TOTAL" Language="de_DE">
			<Text>Gesamtmenge an verfügbarem Gold.</Text>
		</Replace>
		<Replace Tag="LOC_YIELD_DIPLOMACY_TOTAL" Language="de_DE">
			<Text>Gesamtmenge an verfügbarem Einfluss.</Text>
		</Replace>
		<Replace Tag="LOC_YIELD_POPULATION_TOTAL" Language="de_DE">
			<Text>Gesamtbevölkerung.</Text>
		</Replace>
		<Replace Tag="LOC_YIELD_MILITARY_POWER" Language="de_DE">
			<Text>Militärische Stärke</Text>
		</Replace>
	</LocalizedText>
</Database>
