<!-- AI Generated - Needs review by speaker -->
<?xml version="1.0" encoding="utf-8"?>
<Database>
	<LocalizedText>
		<Replace Tag="LOC_YIELD_GOLD_TOTAL" Language="pl_PL">
			<Text>Całkowita ilość dostępnego złota.</Text>
		</Replace>
		<Replace Tag="LOC_YIELD_DIPLOMACY_TOTAL" Language="pl_PL">
			<Text>Całkowita ilość dostępnych wpływów.</Text>
		</Replace>
		<Replace Tag="LOC_YIELD_POPULATION_TOTAL" Language="pl_PL">
			<Text>Całkowita liczba ludności.</Text>
		</Replace>
		<Replace Tag="LOC_YIELD_MILITARY_POWER" Language="pl_PL">
			<Text>Siła Militarna</Text>
		</Replace>
	</LocalizedText>
</Database>
