<?xml version="1.0" encoding="utf-8"?>
<Database>
    <LocalizedText>
        <Replace Tag="LOC_BZ_PEOPLE_NAME" Language="zh_Hans_CN">
            <Text>{1_name} 民族</Text>
        </Replace>
        <Replace Tag="LOC_BZ_RELATIONSHIP_TRIBUTARY" Language="zh_Hans_CN">
            <Text>朝贡国</Text>
        </Replace>
        <Replace Tag="LOC_BZ_SETTLEMENT_CITY_STATE" Language="zh_Hans_CN">
            <Text>城邦</Text>
        </Replace>
        <Replace Tag="LOC_BZ_WAS_PREVIOUSLY" Language="zh_Hans_CN">
            <Text>(原为 {1_name})</Text>
        </Replace>
        <Replace Tag="LOC_BZ_IMPROVEMENT_FOR_TILE" Language="zh_Hans_CN">
            <Text>可建造 {1_icon} {2_name}</Text>
        </Replace>
        <Replace Tag="LOC_BZ_IMPROVEMENT_FOR_RESOURCE" Language="zh_Hans_CN">
            <Text>需建造 {1_icon} {2_name}</Text>
        </Replace>
        <Replace Tag="LOC_DISTRICT_BZ_DISCOVERY" Language="zh_Hans_CN">
            <Text>发现</Text>
        </Replace>
        <Replace Tag="LOC_DISTRICT_BZ_INDEPENDENT" Language="zh_Hans_CN">
            <Text>独立势力</Text>
        </Replace>
        <Replace Tag="LOC_DISTRICT_BZ_TOWN_CENTER" Language="zh_Hans_CN">
            <Text>城镇中心</Text>
        </Replace>
        <Replace Tag="LOC_DISTRICT_BZ_URBAN_VACANT" Language="zh_Hans_CN">
            <Text>空置区</Text>
        </Replace>
        <Replace Tag="LOC_OPTIONS_BZ_COMLENS_NONE" Language="zh_Hans_CN">
            <Text>无</Text>
        </Replace>
        <Replace Tag="LOC_OPTIONS_BZ_COMLENS_COMMANDERS" Language="zh_Hans_CN">
            <Text>指挥官</Text>
        </Replace>
        <Replace Tag="LOC_OPTIONS_BZ_COMLENS_MILITARY" Language="zh_Hans_CN">
            <Text>所有军事单位</Text>
        </Replace>
        <Replace Tag="LOC_OPTIONS_BZ_COMLENS_RECON" Language="zh_Hans_CN">
            <Text>军事和侦察单位</Text>
        </Replace>
        <Replace Tag="LOC_OPTIONS_BZ_COMMANDER_LENS" Language="zh_Hans_CN">
            <Text>Map Trix • 启用指挥官过滤镜</Text>
        </Replace>
        <Replace Tag="LOC_OPTIONS_BZ_COMMANDER_LENS_DESCRIPTION" Language="zh_Hans_CN">
            <Text>选择哪些单位激活指挥官过滤镜。</Text>
        </Replace>
        <Replace Tag="LOC_OPTIONS_BZ_MAP_TRIX_VERBOSE" Language="zh_Hans_CN">
            <Text>Map Trix • 详细程度</Text>
        </Replace>
        <Replace Tag="LOC_OPTIONS_BZ_MAP_TRIX_VERBOSE_DESCRIPTION" Language="zh_Hans_CN">
            <Text>显示多少细节[N] [N][B]快捷键[/B][N]简洁的　Ctrl[N]详细　　Shift[N]隐　　　Ctrl+Shift</Text>
        </Replace>
        <Replace Tag="LOC_OPTIONS_BZ_RESTYLE_YIELD_BANNER" Language="zh_Hans_CN">
            <Text>Map Trix • 顶部横幅重制</Text>
        </Replace>
        <Replace Tag="LOC_OPTIONS_BZ_RESTYLE_YIELD_BANNER_DESCRIPTION" Language="zh_Hans_CN">
            <Text>将顶部横幅样式改为与 trixie 系列模组相同的圆角彩色高亮风格</Text>
        </Replace>
        <Replace Tag="LOC_OPTIONS_BZ_VERBOSITY_HIDDEN" Language="zh_Hans_CN">
            <Text>隐</Text>
        </Replace>
        <Replace Tag="LOC_OPTIONS_BZ_VERBOSITY_COMPACT" Language="zh_Hans_CN">
            <Text>简洁的</Text>
        </Replace>
        <Replace Tag="LOC_OPTIONS_BZ_VERBOSITY_STANDARD" Language="zh_Hans_CN">
            <Text>标准</Text>
        </Replace>
        <Replace Tag="LOC_OPTIONS_BZ_VERBOSITY_VERBOSE" Language="zh_Hans_CN">
            <Text>详细</Text>
        </Replace>
        <Replace Tag="LOC_OPTIONS_GROUP_BZ_MODS" Language="zh_Hans_CN">
            <Text>trixie 系列模组</Text>
        </Replace>
        <Replace Tag="LOC_STATE_BZ_UNIQUE" Language="zh_Hans_CN">
            <Text>独特</Text>
        </Replace>
        <Replace Tag="LOC_UI_KBM_MAPPING_TOGGLE_BZ_BORDERS" Language="zh_Hans_CN">
            <Text>开关边界显示</Text>
        </Replace>
        <Replace Tag="LOC_UI_KBM_MAPPING_TOGGLE_BZ_BORDERS_TT" Language="zh_Hans_CN">
            <Text>开关边界显示</Text>
        </Replace>
        <Replace Tag="LOC_UI_KBM_MAPPING_TOGGLE_BZ_CITY_BORDERS" Language="zh_Hans_CN">
            <Text>开关定居点显示</Text>
        </Replace>
        <Replace Tag="LOC_UI_KBM_MAPPING_TOGGLE_BZ_CITY_BORDERS_TT" Language="zh_Hans_CN">
            <Text>开关定居点显示</Text>
        </Replace>
        <Replace Tag="LOC_UI_KBM_MAPPING_TOGGLE_BZ_DISCOVERY_ICONS" Language="zh_Hans_CN">
            <Text>开关发现图标</Text>
        </Replace>
        <Replace Tag="LOC_UI_KBM_MAPPING_TOGGLE_BZ_DISCOVERY_ICONS_TT" Language="zh_Hans_CN">
            <Text>开关发现图标的显示</Text>
        </Replace>
        <Replace Tag="LOC_UI_KBM_MAPPING_TOGGLE_BZ_FORTIFICATION_ICONS" Language="zh_Hans_CN">
            <Text>开关防御工事图标</Text>
        </Replace>
        <Replace Tag="LOC_UI_KBM_MAPPING_TOGGLE_BZ_FORTIFICATION_ICONS_TT" Language="zh_Hans_CN">
            <Text>开关防御工事图标的显示</Text>
        </Replace>
        <Replace Tag="LOC_UI_KBM_MAPPING_TOGGLE_BZ_RELIGION_ICONS" Language="zh_Hans_CN">
            <Text>开关宗教图标</Text>
        </Replace>
        <Replace Tag="LOC_UI_KBM_MAPPING_TOGGLE_BZ_RELIGION_ICONS_TT" Language="zh_Hans_CN">
            <Text>开关宗教图标的显示</Text>
        </Replace>
        <Replace Tag="LOC_UI_KBM_MAPPING_TOGGLE_BZ_ROUTE_LAYER" Language="zh_Hans_CN">
            <Text>开关路线图</Text>
        </Replace>
        <Replace Tag="LOC_UI_KBM_MAPPING_TOGGLE_BZ_ROUTE_LAYER_TT" Language="zh_Hans_CN">
            <Text>开关路线图的显示</Text>
        </Replace>
        <Replace Tag="LOC_UI_KBM_MAPPING_TOGGLE_BZ_TERRAIN_LAYER" Language="zh_Hans_CN">
            <Text>开关地形特征</Text>
        </Replace>
        <Replace Tag="LOC_UI_KBM_MAPPING_TOGGLE_BZ_TERRAIN_LAYER_TT" Language="zh_Hans_CN">
            <Text>开关地形特征的显示</Text>
        </Replace>
        <Replace Tag="LOC_UI_MINI_MAP_BZ_BORDERS" Language="zh_Hans_CN">
            <Text>边界</Text>
        </Replace>
        <Replace Tag="LOC_UI_MINI_MAP_BZ_CITY_BORDERS" Language="zh_Hans_CN">
            <Text>定居点</Text>
        </Replace>
        <Replace Tag="LOC_UI_MINI_MAP_BZ_DISCOVERY" Language="zh_Hans_CN">
            <Text>发现</Text>
        </Replace>
        <Replace Tag="LOC_UI_MINI_MAP_BZ_FORTIFICATION" Language="zh_Hans_CN">
            <Text>防御工事</Text>
        </Replace>
        <Replace Tag="LOC_UI_MINI_MAP_BZ_ROUTE" Language="zh_Hans_CN">
            <Text>道路</Text>
        </Replace>
        <Replace Tag="LOC_UI_MINI_MAP_BZ_TERRAIN" Language="zh_Hans_CN">
            <Text>地形</Text>
        </Replace>
        <Replace Tag="LOC_YIELD_BZ_TOTAL" Language="zh_Hans_CN">
            <Text>总产出</Text>
        </Replace>
    </LocalizedText>
</Database>
