<?xml version="1.0" encoding="utf-8"?>
<Database>
    <LocalizedText>
        <Replace Tag="LOC_BZ_PEOPLE_NAME" Language="zh_Hans_CN">
            <Text>{1_name} 民族</Text>
        </Replace>
        <Replace Tag="LOC_BZ_RELATIONSHIP_TRIBUTARY" Language="zh_Hans_CN">
            <Text>朝贡国</Text>
        </Replace>
        <Replace Tag="LOC_BZ_SETTLEMENT_CITY_STATE" Language="zh_Hans_CN">
            <Text>城邦</Text>
        </Replace>
        <Replace Tag="LOC_BZ_WAS_PREVIOUSLY" Language="zh_Hans_CN">
            <Text>(原为 {1_name})</Text>
        </Replace>
        <Replace Tag="LOC_BZ_IMPROVEMENT_FOR_TILE" Language="zh_Hans_CN">
            <Text>可建造 {1_icon} {2_name}</Text>
        </Replace>
        <Replace Tag="LOC_BZ_IMPROVEMENT_FOR_RESOURCE" Language="zh_Hans_CN">
            <Text>需建造 {1_icon} {2_name}</Text>
        </Replace>
        <Replace Tag="LOC_DISTRICT_BZ_DISCOVERY" Language="zh_Hans_CN">
            <Text>发现物</Text>
        </Replace>
        <Replace Tag="LOC_DISTRICT_BZ_INDEPENDENT" Language="zh_Hans_CN">
            <Text>独立势力</Text>
        </Replace>
        <Replace Tag="LOC_DISTRICT_BZ_TOWN_CENTER" Language="zh_Hans_CN">
            <Text>城镇中心</Text>
        </Replace>
        <Replace Tag="LOC_DISTRICT_BZ_URBAN_DISTRICT" Language="zh_Hans_CN">
            <Text>城市区</Text>
        </Replace>
        <Replace Tag="LOC_DISTRICT_BZ_URBAN_QUARTER" Language="zh_Hans_CN">
            <Text>城市分区</Text>
        </Replace>
        <Replace Tag="LOC_DISTRICT_BZ_URBAN_VACANT" Language="zh_Hans_CN">
            <Text>空置区</Text>
        </Replace>
        <Replace Tag="LOC_OPTIONS_BZ_MAP_TRIX_VERBOSE" Language="zh_Hans_CN">
            <Text>Map Trix • 详细程度</Text>
        </Replace>
        <Replace Tag="LOC_OPTIONS_BZ_MAP_TRIX_VERBOSE_DESCRIPTION" Language="zh_Hans_CN">
            <Text>显示多少细节[N] [N][B]快捷键[/B][N]简洁的　Ctrl[N]详细　　Shift[N]隐　　　Ctrl+Shift</Text>
        </Replace>
        <Replace Tag="LOC_OPTIONS_BZ_RESTYLE_YIELD_BANNER" Language="zh_Hans_CN">
            <Text>Map Trix • 顶部横幅重制</Text>
        </Replace>
        <Replace Tag="LOC_OPTIONS_BZ_RESTYLE_YIELD_BANNER_DESCRIPTION" Language="zh_Hans_CN">
            <Text>将顶部横幅样式改为与 trixie 系列模组相同的圆角彩色高亮风格</Text>
        </Replace>
        <Replace Tag="LOC_OPTIONS_BZ_VERBOSITY_HIDDEN" Language="zh_Hans_CN">
            <Text>隐</Text>
        </Replace>
        <Replace Tag="LOC_OPTIONS_BZ_VERBOSITY_COMPACT" Language="zh_Hans_CN">
            <Text>简洁的</Text>
        </Replace>
        <Replace Tag="LOC_OPTIONS_BZ_VERBOSITY_STANDARD" Language="zh_Hans_CN">
            <Text>标准</Text>
        </Replace>
        <Replace Tag="LOC_OPTIONS_BZ_VERBOSITY_VERBOSE" Language="zh_Hans_CN">
            <Text>详细</Text>
        </Replace>
        <Replace Tag="LOC_OPTIONS_GROUP_BZ_MODS" Language="zh_Hans_CN">
            <Text>trixie 系列模组</Text>
        </Replace>
        <Replace Tag="LOC_STATE_BZ_UNIQUE" Language="zh_Hans_CN">
            <Text>独特</Text>
        </Replace>
        <Replace Tag="LOC_YIELD_BZ_TOTAL" Language="zh_Hans_CN">
            <Text>总产出</Text>
        </Replace>
    </LocalizedText>
</Database>
