{
  "$schema": "https://unpkg.com/release-it/schema/release-it.json",
  "github": {
    "release": true
  },
  "npm": {
    "release": false,
    "publish": false
  },
  "git": {
    "requireBranch": "main"
  },
  "hooks": {
    "after:bump": "npx auto-changelog"
  },
  "plugins": {
    "@j-ulrich/release-it-regex-bumper": {
      "out": {
        "file": "TBQ's Resource Allocation Improvements.modinfo",
        "search": "tbqs-resource-allocation-improvements\" version=\"{{semver}}\"",
        "replace": "tbqs-resource-allocation-improvements\" version=\"{{versionWithoutPrerelease}}\""
      }
    }
  }
}
