<?xml version="1.0" encoding="utf-8"?>
<Database>
    <EnglishText>
        <Replace Tag="LOC_BZ_PEOPLE_NAME">
            <Text>{1_name} People</Text>
        </Replace>
        <Replace Tag="LOC_BZ_RELATIONSHIP_TRIBUTARY">
            <Text>Tributary</Text>
        </Replace>
        <Replace Tag="LOC_BZ_SETTLEMENT_CITY_STATE">
            <Text>City-State</Text>
        </Replace>
        <Replace Tag="LOC_BZ_WAS_PREVIOUSLY">
            <Text>(Was {1_name})</Text>
        </Replace>
        <Replace Tag="LOC_BZ_IMPROVEMENT_FOR_TILE">
            <Text>Supports {1_icon} {2_name}</Text>
        </Replace>
        <Replace Tag="LOC_BZ_IMPROVEMENT_FOR_RESOURCE">
            <Text>Requires {1_icon} {2_name}</Text>
        </Replace>
        <Replace Tag="LOC_DISTRICT_BZ_DISCOVERY">
            <Text>Discovery</Text>
        </Replace>
        <Replace Tag="LOC_DISTRICT_BZ_INDEPENDENT">
            <Text>Independent</Text>
        </Replace>
        <Replace Tag="LOC_DISTRICT_BZ_TOWN_CENTER">
            <Text>Town Center</Text>
        </Replace>
        <Replace Tag="LOC_DISTRICT_BZ_URBAN_VACANT">
            <Text>Vacant District</Text>
        </Replace>
        <Replace Tag="LOC_OPTIONS_BZ_COMLENS_NONE">
            <Text>None</Text>
        </Replace>
        <Replace Tag="LOC_OPTIONS_BZ_COMLENS_COMMANDERS">
            <Text>Commanders</Text>
        </Replace>
        <Replace Tag="LOC_OPTIONS_BZ_COMLENS_MILITARY">
            <Text>All Military Units</Text>
        </Replace>
        <Replace Tag="LOC_OPTIONS_BZ_COMLENS_RECON">
            <Text>Military and Recon Units</Text>
        </Replace>
        <Replace Tag="LOC_OPTIONS_BZ_COMMANDER_LENS">
            <Text>Map Trix • Commander lens activation</Text>
        </Replace>
        <Replace Tag="LOC_OPTIONS_BZ_COMMANDER_LENS_DESCRIPTION">
            <Text>Which units activate the Commander lens.</Text>
        </Replace>
        <Replace Tag="LOC_OPTIONS_BZ_MAP_TRIX_VERBOSE">
            <Text>Map Trix • level of detail</Text>
        </Replace>
        <Replace Tag="LOC_OPTIONS_BZ_MAP_TRIX_VERBOSE_DESCRIPTION">
            <Text>How much detail to show in map tooltips.[N] [N][B]Shortcut keys[/B][N]Compact • Ctrl[N]Verbose • Shift[N]Hidden • Ctrl+Shift</Text>
        </Replace>
        <Replace Tag="LOC_OPTIONS_BZ_RESTYLE_YIELD_BANNER">
            <Text>Map Trix • restyle yield banner</Text>
        </Replace>
        <Replace Tag="LOC_OPTIONS_BZ_RESTYLE_YIELD_BANNER_DESCRIPTION">
            <Text>Restyles the top bar to match the rounded color highlights in trixie's mods.</Text>
        </Replace>
        <Replace Tag="LOC_OPTIONS_BZ_VERBOSITY_HIDDEN">
            <Text>Hidden</Text>
        </Replace>
        <Replace Tag="LOC_OPTIONS_BZ_VERBOSITY_COMPACT">
            <Text>Compact</Text>
        </Replace>
        <Replace Tag="LOC_OPTIONS_BZ_VERBOSITY_STANDARD">
            <Text>Standard</Text>
        </Replace>
        <Replace Tag="LOC_OPTIONS_BZ_VERBOSITY_VERBOSE">
            <Text>Verbose</Text>
        </Replace>
        <Replace Tag="LOC_OPTIONS_GROUP_BZ_MODS">
            <Text>trixie's mods</Text>
        </Replace>
        <Replace Tag="LOC_STATE_BZ_UNIQUE">
            <Text>Unique</Text>
        </Replace>
        <Replace Tag="LOC_UI_KBM_MAPPING_TOGGLE_BZ_BORDERS">
            <Text>Toggle Borders</Text>
        </Replace>
        <Replace Tag="LOC_UI_KBM_MAPPING_TOGGLE_BZ_BORDERS_TT">
            <Text>Toggles visibility of borders</Text>
        </Replace>
        <Replace Tag="LOC_UI_KBM_MAPPING_TOGGLE_BZ_CITY_BORDERS">
            <Text>Toggle City Limits</Text>
        </Replace>
        <Replace Tag="LOC_UI_KBM_MAPPING_TOGGLE_BZ_CITY_BORDERS_TT">
            <Text>Toggles between city and empire borders</Text>
        </Replace>
        <Replace Tag="LOC_UI_KBM_MAPPING_TOGGLE_BZ_DISCOVERY_ICONS">
            <Text>Toggle Discovery Icons</Text>
        </Replace>
        <Replace Tag="LOC_UI_KBM_MAPPING_TOGGLE_BZ_DISCOVERY_ICONS_TT">
            <Text>Toggles visibility of discovery icons</Text>
        </Replace>
        <Replace Tag="LOC_UI_KBM_MAPPING_TOGGLE_BZ_FORTIFICATION_ICONS">
            <Text>Toggle Fortification Icons</Text>
        </Replace>
        <Replace Tag="LOC_UI_KBM_MAPPING_TOGGLE_BZ_FORTIFICATION_ICONS_TT">
            <Text>Toggles visibility of fortification icons</Text>
        </Replace>
        <Replace Tag="LOC_UI_KBM_MAPPING_TOGGLE_BZ_RELIGION_ICONS">
            <Text>Toggle Religion Icons</Text>
        </Replace>
        <Replace Tag="LOC_UI_KBM_MAPPING_TOGGLE_BZ_RELIGION_ICONS_TT">
            <Text>Toggles visibility of religion icons</Text>
        </Replace>
        <Replace Tag="LOC_UI_KBM_MAPPING_TOGGLE_BZ_ROUTE_LAYER">
            <Text>Toggle Road Map</Text>
        </Replace>
        <Replace Tag="LOC_UI_KBM_MAPPING_TOGGLE_BZ_ROUTE_LAYER_TT">
            <Text>Toggles visibility of road map</Text>
        </Replace>
        <Replace Tag="LOC_UI_KBM_MAPPING_TOGGLE_BZ_TERRAIN_LAYER">
            <Text>Toggle Terrain Features</Text>
        </Replace>
        <Replace Tag="LOC_UI_KBM_MAPPING_TOGGLE_BZ_TERRAIN_LAYER_TT">
            <Text>Toggles visibility of terrain features</Text>
        </Replace>
        <Replace Tag="LOC_UI_MINI_MAP_BZ_BORDERS">
            <Text>Borders</Text>
        </Replace>
        <Replace Tag="LOC_UI_MINI_MAP_BZ_CITY_BORDERS">
            <Text>City Limits</Text>
        </Replace>
        <Replace Tag="LOC_UI_MINI_MAP_BZ_DISCOVERY">
            <Text>Discoveries</Text>
        </Replace>
        <Replace Tag="LOC_UI_MINI_MAP_BZ_FORTIFICATION">
            <Text>Fortifications</Text>
        </Replace>
        <Replace Tag="LOC_UI_MINI_MAP_BZ_ROUTE">
            <Text>Roads</Text>
        </Replace>
        <Replace Tag="LOC_UI_MINI_MAP_BZ_TERRAIN">
            <Text>Terrain</Text>
        </Replace>
        <Replace Tag="LOC_YIELD_BZ_TOTAL">
            <Text>Total Yield</Text>
        </Replace>
    </EnglishText>
</Database>
