<?xml version="1.0" encoding="utf-8"?>
<Database>
    <EnglishText>
        <Replace Tag="LOC_BZ_PEOPLE_NAME">
            <Text>{1_name} People</Text>
        </Replace>
        <Replace Tag="LOC_BZ_RELATIONSHIP_TRIBUTARY">
            <Text>Tributary</Text>
        </Replace>
        <Replace Tag="LOC_BZ_SETTLEMENT_CITY_STATE">
            <Text>City-State</Text>
        </Replace>
        <Replace Tag="LOC_BZ_WAS_PREVIOUSLY">
            <Text>(Was {1_name})</Text>
        </Replace>
        <Replace Tag="LOC_BZ_IMPROVEMENT_FOR_TILE">
            <Text>Supports {1_icon} {2_name}</Text>
        </Replace>
        <Replace Tag="LOC_BZ_IMPROVEMENT_FOR_RESOURCE">
            <Text>Requires {1_icon} {2_name}</Text>
        </Replace>
        <Replace Tag="LOC_DISTRICT_BZ_DISCOVERY">
            <Text>Discovery</Text>
        </Replace>
        <Replace Tag="LOC_DISTRICT_BZ_INDEPENDENT">
            <Text>Independent</Text>
        </Replace>
        <Replace Tag="LOC_DISTRICT_BZ_TOWN_CENTER">
            <Text>Town Center</Text>
        </Replace>
        <Replace Tag="LOC_DISTRICT_BZ_URBAN_DISTRICT">
            <Text>District</Text>
        </Replace>
        <Replace Tag="LOC_DISTRICT_BZ_URBAN_QUARTER">
            <Text>Quarter</Text>
        </Replace>
        <Replace Tag="LOC_DISTRICT_BZ_URBAN_VACANT">
            <Text>Vacant District</Text>
        </Replace>
        <Replace Tag="LOC_OPTIONS_BZ_MAP_TRIX_VERBOSE">
            <Text>Map Trix • level of detail</Text>
        </Replace>
        <Replace Tag="LOC_OPTIONS_BZ_MAP_TRIX_VERBOSE_DESCRIPTION">
            <Text>How much detail to show in map tooltips.[N] [N][B]Shortcut keys[/B][N]Compact • Ctrl[N]Verbose • Shift[N]Hidden • Ctrl+Shift</Text>
        </Replace>
        <Replace Tag="LOC_OPTIONS_BZ_RESTYLE_YIELD_BANNER">
            <Text>Map Trix • restyle yield banner</Text>
        </Replace>
        <Replace Tag="LOC_OPTIONS_BZ_RESTYLE_YIELD_BANNER_DESCRIPTION">
            <Text>Restyles the top bar to match the rounded color highlights in trixie's mods.</Text>
        </Replace>
        <Replace Tag="LOC_OPTIONS_BZ_VERBOSITY_HIDDEN">
            <Text>Hidden</Text>
        </Replace>
        <Replace Tag="LOC_OPTIONS_BZ_VERBOSITY_COMPACT">
            <Text>Compact</Text>
        </Replace>
        <Replace Tag="LOC_OPTIONS_BZ_VERBOSITY_STANDARD">
            <Text>Standard</Text>
        </Replace>
        <Replace Tag="LOC_OPTIONS_BZ_VERBOSITY_VERBOSE">
            <Text>Verbose</Text>
        </Replace>
        <Replace Tag="LOC_OPTIONS_GROUP_BZ_MODS">
            <Text>trixie's mods</Text>
        </Replace>
        <Replace Tag="LOC_RESOURCECLASS_BONUS_NAME_BZ">
            <Text>Bonus Resource</Text>
        </Replace>
        <Replace Tag="LOC_RESOURCECLASS_CITY_NAME_BZ">
            <Text>City Resource</Text>
        </Replace>
        <Replace Tag="LOC_RESOURCECLASS_EMPIRE_NAME_BZ">
            <Text>Empire Resource</Text>
        </Replace>
        <Replace Tag="LOC_RESOURCECLASS_FACTORY_NAME_BZ">
            <Text>Factory Resource</Text>
        </Replace>
        <Replace Tag="LOC_RESOURCECLASS_TREASURE_NAME_BZ">
            <Text>Treasure Resource</Text>
        </Replace>
        <Replace Tag="LOC_STATE_BZ_UNIQUE">
            <Text>Unique</Text>
        </Replace>
        <Replace Tag="LOC_YIELD_BZ_TOTAL">
            <Text>Total Yield</Text>
        </Replace>
    </EnglishText>
</Database>
