<?xml version="1.0" encoding="utf-8"?>
<Database>
    <EnglishText>
        <Row Tag="LOC_BZ_CITY_CONNECTIONS">
            <Text>Connections • {1_cities}[icon:YIELD_CITIES] {2_towns}[icon:YIELD_TOWNS]</Text>
        </Row>
        <Row Tag="LOC_BZ_HEMISPHERE_HOMELANDS">
            <Text>Homelands</Text>
        </Row>
        <Row Tag="LOC_BZ_IMPROVEMENT_FOR_TILE">
            <Text>Supports {1_icon} {2_name}</Text>
        </Row>
        <Row Tag="LOC_BZ_IMPROVEMENT_FOR_RESOURCE">
            <Text>Requires {1_icon} {2_name}</Text>
        </Row>
        <Row Tag="LOC_BZ_IMPROVEMENT_FOR_WAREHOUSE">
            <Text>(Was {1_icon} {2_name})</Text>
        </Row>
        <Row Tag="LOC_BZ_PLOTKEY_NO_FRESHWATER">
            <Text>No Fresh Water</Text>
        </Row>
        <Row Tag="LOC_BZ_RELIGION_MAJORITY">
            <Text>Majority {1_icon} {2_name}</Text>
        </Row>
        <Row Tag="LOC_BZ_RELIGION_RURAL">
            <Text>Rural {1_icon} {2_name}</Text>
        </Row>
        <Row Tag="LOC_BZ_RELIGION_URBAN">
            <Text>Urban {1_icon} {2_name}</Text>
        </Row>
        <Row Tag="LOC_DISTRICT_BZ_CITY_STATE">
            <Text>City-State</Text>
        </Row>
        <Row Tag="LOC_DISTRICT_BZ_DISCOVERY">
            <Text>Discovery</Text>
        </Row>
        <Row Tag="LOC_DISTRICT_BZ_INDEPENDENT">
            <Text>Independent</Text>
        </Row>
        <Row Tag="LOC_DISTRICT_BZ_SPECIALISTS">
                <Text>Specialists [icon:CITY_SPECIAL_BASE] {1_number}/{2_maximum}</Text>
        </Row>
        <Row Tag="LOC_DISTRICT_BZ_TOWN_CENTER">
            <Text>Town Center</Text>
        </Row>
        <Row Tag="LOC_DISTRICT_BZ_URBAN_DISTRICT">
            <Text>District</Text>
        </Row>
        <Row Tag="LOC_DISTRICT_BZ_URBAN_QUARTER">
            <Text>Quarter</Text>
        </Row>
        <Row Tag="LOC_DISTRICT_BZ_URBAN_VACANT">
            <Text>Vacant District</Text>
        </Row>
        <Row Tag="LOC_DISTRICT_BZ_UNDEVELOPED">
            <Text>Undeveloped</Text>
        </Row>
        <Row Tag="LOC_INDEPENDENT_BZ_RELATIONSHIP_TRIBUTARY">
            <Text>Tributary</Text>
        </Row>
        <Row Tag="LOC_LEADER_BZ_PEOPLE_NAME">
            <Text>{1_name} People</Text>
        </Row>
        <Row Tag="LOC_OPTIONS_BZ_MAP_TRIX_VERBOSE">
            <Text>Map Trix • level of detail</Text>
        </Row>
        <Row Tag="LOC_OPTIONS_BZ_MAP_TRIX_VERBOSE_DESCRIPTION">
            <Text>How much detail to show in map tooltips.[N] [N][B]Shortcut keys[/B][N]Compact • Ctrl[N]Verbose • Shift[N]Hidden • Ctrl+Shift</Text>
        </Row>
        <Row Tag="LOC_OPTIONS_BZ_RESTYLE_YIELD_BANNER">
            <Text>Map Trix • restyle yield banner</Text>
        </Row>
        <Row Tag="LOC_OPTIONS_BZ_RESTYLE_YIELD_BANNER_DESCRIPTION">
            <Text>Restyles the top bar to match the rounded color highlights in trixie's mods.</Text>
        </Row>
        <Row Tag="LOC_OPTIONS_BZ_VERBOSITY_HIDDEN">
            <Text>Hidden</Text>
        </Row>
        <Row Tag="LOC_OPTIONS_BZ_VERBOSITY_COMPACT">
            <Text>Compact</Text>
        </Row>
        <Row Tag="LOC_OPTIONS_BZ_VERBOSITY_STANDARD">
            <Text>Standard</Text>
        </Row>
        <Row Tag="LOC_OPTIONS_BZ_VERBOSITY_VERBOSE">
            <Text>Verbose</Text>
        </Row>
        <InsertOrIgnore Tag="LOC_OPTIONS_GROUP_BZ_MODS">
            <Text>trixie's mods</Text>
        </InsertOrIgnore>
        <Row Tag="LOC_RESOURCECLASS_BONUS_NAME_BZ">
            <Text>Bonus Resource</Text>
        </Row>
        <Row Tag="LOC_RESOURCECLASS_CITY_NAME_BZ">
            <Text>City Resource</Text>
        </Row>
        <Row Tag="LOC_RESOURCECLASS_EMPIRE_NAME_BZ">
            <Text>Empire Resource</Text>
        </Row>
        <Row Tag="LOC_RESOURCECLASS_FACTORY_NAME_BZ">
            <Text>Factory Resource</Text>
        </Row>
        <Row Tag="LOC_RESOURCECLASS_TREASURE_NAME_BZ">
            <Text>Treasure Resource</Text>
        </Row>
        <Row Tag="LOC_STATE_BZ_OBSOLETE">
            <Text>Obsolete</Text>
        </Row>
        <Row Tag="LOC_STATE_BZ_UNIQUE">
            <Text>Unique</Text>
        </Row>
        <Row Tag="LOC_YIELD_BZ_TOTAL">
            <Text>Total Yield</Text>
        </Row>
    </EnglishText>
</Database>
