<?xml version="1.0" encoding="utf-8"?>
<Database>
    <LocalizedText>
        <Replace Tag="LOC_BZ_GROUPED_DIGITS" Language="pl_PL">
            <Text>{1_amount: number #,###;-#,###}</Text>
        </Replace>
        <Replace Tag="LOC_BZ_GROUPED_MODIFIER" Language="pl_PL">
            <Text>{1_amount: number +#,###;-#,###}</Text>
        </Replace>
        <Replace Tag="LOC_BZ_SETTLEMENT_CONNECTIONS" Language="pl_PL">
            <Text>Połączenia</Text>
        </Replace>
        <Replace Tag="LOC_BZ_UI_CITY_DETAILS_OVERVIEW_TAB" Language="pl_PL">
            <Text>Przegląd</Text>
        </Replace>
        <Replace Tag="LOC_OPTIONS_BZ_ONE_CLICK_REPAIRS" Language="pl_PL">
            <Text>Ratusz • naprawy jednym kliknięciem</Text>
        </Replace>
        <Replace Tag="LOC_OPTIONS_BZ_ONE_CLICK_REPAIRS_DESCRIPTION" Language="pl_PL">
            <Text>Jeżeli istnieje tylko jedno możliwe miejsce wykonania naprawy, pomiń interfejs rozmieszczania budynków.</Text>
        </Replace>
        <Replace Tag="LOC_OPTIONS_GROUP_BZ_MODS" Language="pl_PL">
            <Text>mody trixie</Text>
        </Replace>
    </LocalizedText>
</Database>
