<?xml version="1.0" encoding="utf-8"?>
<Database>
    <EnglishText>
        <Replace Tag="LOC_BZ_GROUPED_DIGITS">
            <Text>{1_amount: number #,###;-#,###}</Text>
        </Replace>
        <Replace Tag="LOC_BZ_GROUPED_MODIFIER">
            <Text>{1_amount: number +#,###;-#,###}</Text>
        </Replace>
        <Replace Tag="LOC_BZ_SETTLEMENT_CONNECTIONS">
            <Text>Connections</Text>
        </Replace>
        <Replace Tag="LOC_BZ_UI_CITY_DETAILS_OVERVIEW_TAB">
            <Text>Overview</Text>
        </Replace>
        <Replace Tag="LOC_OPTIONS_BZ_ONE_CLICK_REPAIRS">
            <Text>City Hall • one click repairs</Text>
        </Replace>
        <Replace Tag="LOC_OPTIONS_BZ_ONE_CLICK_REPAIRS_DESCRIPTION">
            <Text>When there is only one possible location for a repair, skip the building placement interface.</Text>
        </Replace>
        <Replace Tag="LOC_OPTIONS_GROUP_BZ_MODS">
            <Text>trixie's mods</Text>
        </Replace>
    </EnglishText>
</Database>
