<?xml version="1.0" encoding="utf-8"?>
<Database>
    <LocalizedText>
        <Replace Tag="LOC_BZ_GROUPED_DIGITS" Language="de_DE">
            <Text>{1_amount: number #,###;-#,###}</Text>
        </Replace>
        <Replace Tag="LOC_BZ_GROUPED_MODIFIER" Language="de_DE">
            <Text>{1_amount: number +#,###;-#,###}</Text>
        </Replace>
        <Replace Tag="LOC_BZ_SETTLEMENT_CONNECTIONS" Language="de_DE">
            <Text>Verbindungen</Text>
        </Replace>
        <Replace Tag="LOC_BZ_UI_CITY_DETAILS_OVERVIEW_TAB" Language="de_DE">
            <Text>Überblick</Text>
        </Replace>
        <Replace Tag="LOC_OPTIONS_BZ_ONE_CLICK_REPAIRS" Language="de_DE">
            <Text>City Hall • Reparaturen mit einem Klick</Text>
        </Replace>
        <Replace Tag="LOC_OPTIONS_BZ_ONE_CLICK_REPAIRS_DESCRIPTION" Language="de_DE">
            <Text>Wenn es nur einen Ort für eine Reparatur gibt, wird die Gebäudeplatzierung übersprungen.</Text>
        </Replace>
        <Replace Tag="LOC_OPTIONS_GROUP_BZ_MODS" Language="de_DE">
            <Text>Trixies mods</Text>
        </Replace>
    </LocalizedText>
</Database>
