<?xml version="1.0" encoding="utf-8"?>
<Database>
  <LocalizedText>
    <Replace Tag="LOC_MOD_MLK_ENHANCEDTOWNFOCUSINFO" Language="ja_JP">
      <Text>Enhanced Town Focus Info (専門化選択時の詳細な生産表示)</Text>
    </Replace>
    <Replace Tag="LOC_MOD_MLK_ENHANCEDTOWNFOCUSINFO_DESCRIPTION" Language="ja_JP">
      <Text>都市の専門化を選択する際に、改善施設、建物、交易路からの詳細なボーナス内訳を表示します。</Text>
    </Replace>
  </LocalizedText>
</Database> 