<?xml version="1.0" encoding="utf-8"?>
<Database>
    <LocalizedText>
        <Replace Tag="LOC_BZ_GROUPED_DIGITS" Language="zh_Hans_CN">
            <Text>{1_amount: number #,###;-#,###}</Text>
        </Replace>
        <Replace Tag="LOC_BZ_GROUPED_MODIFIER" Language="zh_Hans_CN">
            <Text>{1_amount: number +#,###;-#,###}</Text>
        </Replace>
        <Replace Tag="LOC_BZ_PEOPLE_NAME" Language="zh_Hans_CN">
            <Text>{1_name} 民族</Text>
        </Replace>
        <Replace Tag="LOC_BZ_RELATIONSHIP_TRIBUTARY" Language="zh_Hans_CN">
            <Text>朝贡国</Text>
        </Replace>
        <Replace Tag="LOC_BZ_SETTLEMENT_CITY_STATE" Language="zh_Hans_CN">
            <Text>城邦</Text>
        </Replace>
        <Replace Tag="LOC_BZ_SETTLEMENT_CONNECTIONS" Language="zh_Hans_CN">
            <Text>连接定居点</Text>
        </Replace>
        <Replace Tag="LOC_BZ_WAS_PREVIOUSLY" Language="zh_Hans_CN">
            <Text>(原为 {1_name})</Text>
        </Replace>
        <Replace Tag="LOC_OPTIONS_BZ_CITY_BANNERS" Language="zh_Hans_CN">
            <Text>Flag Corps • 城市旗帜重制</Text>
        </Replace>
        <Replace Tag="LOC_OPTIONS_BZ_CITY_BANNERS_DESCRIPTION" Language ="zh_Hans_CN">
            <Text>城市旗帜的风格更加优雅、一致。</Text>
        </Replace>
        <Replace Tag="LOC_OPTIONS_BZ_FLAGS_NO_HEADS" Language ="zh_Hans_CN">
            <Text>Flag Corps • 删除领导人肖像</Text>
        </Replace>
        <Replace Tag="LOC_OPTIONS_BZ_FLAGS_NO_HEADS_DESCRIPTION" Language ="zh_Hans_CN">
            <Text>删除城市旗帜上的领袖肖像。</Text>
        </Replace>
        <Replace Tag="LOC_OPTIONS_BZ_FLAGS_NO_SHADOW" Language ="zh_Hans_CN">
            <Text>Flag Corps • 清除单位旗帜上的黑影</Text>
        </Replace>
        <Replace Tag="LOC_OPTIONS_BZ_FLAGS_NO_SHADOW_DESCRIPTION" Language ="zh_Hans_CN">
            <Text>删除单位旗帜上浓重的黑色轮廓。</Text>
        </Replace>
        <Replace Tag="LOC_OPTIONS_GROUP_BZ_MODS" Language="zh_Hans_CN">
            <Text>trixie 系列模组</Text>
        </Replace>
    </LocalizedText>
</Database>
