<?xml version="1.0" encoding="utf-8"?>
<Database>
    <LocalizedText>
        <Row Tag="LOC_OPTIONS_GROUP_LF_YIELDS" Language="ko_KR">
            <Text>Leonardfactory의 정책 수익 미리보기</Text>
        </Row>
        <Row Tag="LOC_MOD_LF_YIELDS_OPTION_COLORFUL" Language="ko_KR">
            <Text>사회 정책의 수익 미리보기 색상 지정</Text>
        </Row>
        <Row Tag="LOC_MOD_LF_YIELDS_OPTION_COLORFUL_DESC" Language="ko_KR">
            <Text>사회 정책 유형 수익 유형에 따라 색상을 지정하여 쉽게 구별할 수 있습니다.</Text>
        </Row>
    </LocalizedText>
</Database>
