<?xml version="1.0" encoding="utf-8"?>
<Database>
	<EnglishText>
		<Row Tag="LOC_MOD_BORDER_TOGGLES_NAME">
			<Text>Border Toggles</Text>
		</Row>
		<Row Tag="LOC_MOD_BORDER_TOGGLES_DESCRIPTION">
			<Text>Adds toggles for showing/hiding civ borders and city borders. City borders show which tile belongs to which city, for cities close to each other.
			</Text>
		</Row>
		<Row Tag="LOC_MOD_BORDER_TOGGLES_SPECIALTHANKS">
			<Text>Borush96, Gusjeon, iBlockZer0, leonardify, Somchai2548 and Webrok for localizations.</Text>
		</Row>
		<Row Tag="LOC_MOD_BORDER_TOGGLES_COMPATIBILITY">
			<Text>This should be compatible with all other updated mods.</Text>
		</Row>
	</EnglishText>
</Database>
