<?xml version="1.0" encoding="utf-8"?>
<Database>
    <EnglishText>
		<Row Tag="LOC_MOD_UI_MINI_MAP_BORDERS">
			<Text>Civ Border</Text>
		</Row>
		<Row Tag="LOC_MOD_UI_MINI_MAP_CITY_BORDERS">
			<Text>City Border</Text>
		</Row>
        <Row Tag="LOC_OPTIONS_FINWICKLE_CITY_BORDER_ENABLED">
            <Text>Border Toggles • Show city borders by default</Text>
        </Row>
        <Row Tag="LOC_OPTIONS_FINWICKLE_CITY_BORDER_ENABLED_DESCRIPTION">
            <Text>Shows the city borders in the default view (no lens selected) when loading or starting a game, and for the Settler and Continent lens. You can still toggle it manually. [N] [N]Lenses from these mods also follow this setting: Discovery Lens, Treasure Lens, Search Natural Wonders.</Text>
        </Row>
        <Row Tag="LOC_OPTIONS_FINWICKLE_CITY_BORDER_ENABLED_TRADE">
            <Text>Border Toggles • Show city borders for trade lens</Text>
        </Row>
        <Row Tag="LOC_OPTIONS_FINWICKLE_CITY_BORDER_ENABLED_TRADE_DESCRIPTION">
            <Text>Shows the city borders when you select a merchant or when you select the trade lens.</Text>
        </Row>
       <Row Tag="LOC_OPTIONS_FINWICKLE_CITY_BORDER_ENABLED_MAPTACKS">
            <Text>Border Toggles • Show city borders for map tacks (mod)</Text>
        </Row>
        <Row Tag="LOC_OPTIONS_FINWICKLE_CITY_BORDER_ENABLED_MAPTACKS_DESCRIPTION">
            <Text>Shows the city borders while placing map tacks with the Detailed Map Tacks mod.</Text>
        </Row>
        <Row Tag="LOC_OPTIONS_FINWICKLE_CITY_BORDER_ENABLED_RELIGION">
            <Text>Border Toggles • Show city borders for religion lens (mod)</Text>
        </Row>
        <Row Tag="LOC_OPTIONS_FINWICKLE_CITY_BORDER_ENABLED_RELIGION_DESCRIPTION">
            <Text>Shows the city borders with religion lenses from mods when loading or starting a game. You can still toggle it manually.</Text>
        </Row>
        <Row Tag="LOC_OPTIONS_FINWICKLE_CITY_BORDER_ENABLED_DEBUG">
            <Text>Border Toggles • Log debug messages</Text>
        </Row>
        <Row Tag="LOC_OPTIONS_FINWICKLE_CITY_BORDER_ENABLED_DEBUG_DESCRIPTION">
            <Text>Logs debug messages to the UI.log. Only needs to be enabled when asked to help troubleshoot issues with this mod.</Text>
        </Row>
        <InsertOrIgnore Tag="LOC_OPTIONS_GROUP_FINWICKLE_MODS">
            <Text>Finwickle's mods</Text>
        </InsertOrIgnore>
    </EnglishText>
</Database>
