{
  "$schema": "https://unpkg.com/release-it/schema/release-it.json",
  "github": {
    "release": true
  },
  "npm": {
    "release": false,
    "publish": false
  },
  "git": {
    "requireBranch": "main",
    "changelog": "npx auto-changelog --stdout --commit-limit false --unreleased --template https://raw.githubusercontent.com/release-it/release-it/main/templates/changelog-compact.hbs"
  },
  "hooks": {
    "after:bump": "npx auto-changelog -p"
  },
  "plugins": {
    "@j-ulrich/release-it-regex-bumper": {
      "out": [
        {
          "file": "ChooseStartingLayers.modinfo",
          "search": "tbq_choose_starting_layers\" version=\"{{semver}}\"",
          "replace": "tbq_choose_starting_layers\" version=\"{{versionWithoutPrerelease}}\""
        },
        {
          "file": "ChooseStartingLayers.modinfo",
          "search": "<Version>{{semver}}",
          "replace": "<Version>{{versionWithoutPrerelease}}"
        }
      ]
    }
  }
}
