<?xml version="1.0" encoding="utf-8"?>
<Database>
    <LocalizedText>
        <Row Tag="LOC_BZ_UI_CITY_DETAILS_OVERVIEW_TAB" Language="ru_RU">
            <Text>Обзор</Text>
        </Row>
        <Row Tag="LOC_BZ_UI_CITY_DETAILS_POPULATION" Language="ru_RU">
            <Text>Население</Text>
        </Row>
        <Row Tag="LOC_BZ_UI_CITY_DETAILS_POPULATION_GROWING" Language="ru_RU">
            <Text>Свободное</Text>
        </Row>
        <Row Tag="LOC_BZ_UI_CITY_DETAILS_POPULATION_RURAL" Language="ru_RU">
            <Text>Деревенское</Text>
        </Row>
        <Row Tag="LOC_BZ_UI_CITY_DETAILS_POPULATION_URBAN" Language="ru_RU">
            <Text>Городское</Text>
        </Row>
        <Row Tag="LOC_BZ_UI_CITY_DETAILS_POPULATION_SPECIALIST" Language="ru_RU">
            <Text>Специалисты</Text>
        </Row>
        <Row Tag="LOC_BZ_UI_CITY_DETAILS_POPULATION_TOTAL" Language="ru_RU">
            <Text>Всего</Text>
        </Row>
        <Row Tag="LOC_BZ_UI_CITY_DETAILS_CONNECTIONS" Language="ru_RU">
            <Text>Соединения</Text>
        </Row>
        <Row Tag="LOC_BZ_UI_CITY_DETAILS_CITIES" Language="ru_RU">
            <Text>С[icon:YIELD_CITIES] Городами: {1_number}</Text>
        </Row>
        <Row Tag="LOC_BZ_UI_CITY_DETAILS_TOWNS" Language="ru_RU">
            <Text>С[icon:YIELD_TOWNS] Городками: {1_number}</Text>
        </Row>
        <Row Tag="LOC_OPTIONS_BZ_ONE_CLICK_REPAIRS" Language="ru_RU">
            <Text>City Hall • Починка одним кликом</Text>
        </Row>
        <Row Tag="LOC_OPTIONS_BZ_ONE_CLICK_REPAIRS_DESCRIPTION" Language="ru_RU">
            <Text>Чинит объект автоматически после нажатия на кнопку починки, без клика по клетке (если этот объект один)</Text>
        </Row>
        <Replace Tag="LOC_OPTIONS_GROUP_BZ_MODS" Language="ru_RU">
            <Text>Моды от Trixie</Text>
        </Replace>
    </LocalizedText>
</Database>
