<?xml version="1.0" encoding="utf-8"?>
<Database>
    <LocalizedText>
        <Replace Tag="LOC_BZ_GROUPED_DIGITS" Language="ko_KR">
            <Text>{1_amount: number #,###;-#,###}</Text>
        </Replace>
        <Replace Tag="LOC_BZ_GROUPED_MODIFIER" Language="ko_KR">
            <Text>{1_amount: number +#,###;-#,###}</Text>
        </Replace>
        <Replace Tag="LOC_BZ_SETTLEMENT_CONNECTIONS" Language="ko_KR">
            <Text>연결된 정착지</Text>
        </Replace>
        <Replace Tag="LOC_BZ_UI_CITY_DETAILS_OVERVIEW_TAB" Language="ko_KR">
            <Text>개요</Text>
        </Replace>
        <Replace Tag="LOC_OPTIONS_BZ_ONE_CLICK_REPAIRS" Language="ko_KR">
            <Text>City Hall • 클릭 한번으로 수리</Text>
        </Replace>
        <Replace Tag="LOC_OPTIONS_BZ_ONE_CLICK_REPAIRS_DESCRIPTION" Language="ko_KR">
            <Text>수리가 가능한 위치가 하나뿐인 경우, 건물 배치 인터페이스를 생략합니다.</Text>
        </Replace>
        <Replace Tag="LOC_OPTIONS_GROUP_BZ_MODS" Language="ko_KR">
            <Text>trixie의 다양한 모드</Text>
        </Replace>
    </LocalizedText>
</Database>
