<?xml version="1.0" encoding="utf-8"?>
<Database>
    <LocalizedText>
        <Row Tag="LOC_BZ_UI_CITY_DETAILS_OVERVIEW_TAB" Language="ko_KR">
            <Text>개요</Text>
        </Row>
        <Row Tag="LOC_BZ_UI_CITY_DETAILS_POPULATION" Language="ko_KR">
            <Text>시민</Text>
        </Row>
        <Row Tag="LOC_BZ_UI_CITY_DETAILS_POPULATION_GROWING" Language="ko_KR">
            <Text>성장</Text>
        </Row>
        <Row Tag="LOC_BZ_UI_CITY_DETAILS_POPULATION_RURAL" Language="ko_KR">
            <Text>교외</Text>
        </Row>
        <Row Tag="LOC_BZ_UI_CITY_DETAILS_POPULATION_URBAN" Language="ko_KR">
            <Text>시가지</Text>
        </Row>
        <Row Tag="LOC_BZ_UI_CITY_DETAILS_POPULATION_SPECIALIST" Language="ko_KR">
            <Text>전문가</Text>
        </Row>
        <Row Tag="LOC_BZ_UI_CITY_DETAILS_POPULATION_TOTAL" Language="ko_KR">
            <Text>합계</Text>
        </Row>
        <Row Tag="LOC_BZ_UI_CITY_DETAILS_CONNECTIONS" Language="ko_KR">
            <Text>연결된 정착지</Text>
        </Row>
        <Row Tag="LOC_BZ_UI_CITY_DETAILS_CITIES" Language="ko_KR">
            <Text>[icon:YIELD_CITIES] 도시: {1_number}</Text>
        </Row>
        <Row Tag="LOC_BZ_UI_CITY_DETAILS_TOWNS" Language="ko_KR">
            <Text>[icon:YIELD_TOWNS] 마을: {1_number}</Text>
        </Row>
        <Row Tag="LOC_OPTIONS_BZ_ONE_CLICK_REPAIRS" Language="ko_KR">
            <Text>City Hall • 클릭 한번으로 수리</Text>
        </Row>
        <Row Tag="LOC_OPTIONS_BZ_ONE_CLICK_REPAIRS_DESCRIPTION" Language="ko_KR">
            <Text>수리가 가능한 위치가 하나뿐인 경우, 건물 배치 인터페이스를 생략합니다.</Text>
        </Row>
        <InsertOrIgnore Tag="LOC_OPTIONS_GROUP_BZ_MODS" Language="ko_KR">
            <Text>trixie의 다양한 모드</Text>
        </InsertOrIgnore>
    </LocalizedText>
</Database>
