<Database>
    <LocalizedText>
        <Replace Tag="LOC_BZ_GROUPED_DIGITS" Language="zh_Hans_CN">
            <Text>{1_amount: number #,###;-#,###}</Text>
        </Replace>
        <Replace Tag="LOC_BZ_GROUPED_MODIFIER" Language="zh_Hans_CN">
            <Text>{1_amount: number +#,###;-#,###}</Text>
        </Replace>
        <Replace Tag="LOC_BZ_SETTLEMENT_CONNECTIONS" Language="zh_Hans_CN">
            <Text>连接定居点</Text>
        </Replace>
        <Replace Tag="LOC_BZ_UI_CITY_DETAILS_OVERVIEW_TAB" Language="zh_Hans_CN">
            <Text>概览</Text>
        </Replace>
        <Replace Tag="LOC_OPTIONS_GROUP_BZ_MODS" Language="zh_Hans_CN">
            <Text>trixie 系列模组</Text>
        </Replace>
    </LocalizedText>
</Database>
