<?xml version="1.0" encoding="utf-8"?>
<Database>
    <LocalizedText>
        <Row Tag="LOC_BZ_CITY_CONNECTIONS" Language="ru_RU">
            <Text>Соединения • {1_cities}[icon:YIELD_CITIES] {2_towns}[icon:YIELD_TOWNS]</Text>
        </Row>
        <Row Tag="LOC_BZ_IMPROVEMENT_FOR_TILE" Language="ru_RU">
            <Text>Позволяет {1_icon} {2_name}</Text>
        </Row>
        <Row Tag="LOC_BZ_IMPROVEMENT_FOR_RESOURCE" Language="ru_RU">
            <Text>Требуется {1_icon} {2_name}</Text>
        </Row>
        <Row Tag="LOC_BZ_IMPROVEMENT_FOR_WAREHOUSE" Language="ru_RU">
            <Text>(Раньше {1_icon} {2_name})</Text>
        </Row>
        <Row Tag="LOC_BZ_PLOTKEY_NO_FRESHWATER" Language="ru_RU">
            <Text>Нет Пресная вода</Text>
        </Row>
        <Row Tag="LOC_BZ_RELIGION_MAJORITY" Language="ru_RU">
            <Text>Преобладает {1_icon} {2_name}</Text>
        </Row>
        <Row Tag="LOC_BZ_RELIGION_RURAL" Language="ru_RU">
            <Text>Сельский {1_icon} {2_name}</Text>
        </Row>
        <Row Tag="LOC_BZ_RELIGION_URBAN" Language="ru_RU">
            <Text>Городской {1_icon} {2_name}</Text>
        </Row>
        <Row Tag="LOC_DISTRICT_BZ_CITY_STATE" Language="ru_RU">
            <Text>Город-государство</Text>
        </Row>
        <Row Tag="LOC_DISTRICT_BZ_DISCOVERY" Language="ru_RU">
            <Text>Открытие</Text>
        </Row>
        <Row Tag="LOC_DISTRICT_BZ_INDEPENDENT" Language="ru_RU">
            <Text>Независимые</Text>
        </Row>
        <Row Tag="LOC_DISTRICT_BZ_SPECIALISTS" Language="ru_RU">
                <Text>Специалисты [icon:CITY_SPECIAL_BASE] {1_number}/{2_maximum}</Text>
        </Row>
        <Row Tag="LOC_DISTRICT_BZ_TOWN_CENTER" Language="ru_RU">
            <Text>Центр Города </Text>
        </Row>
        <Row Tag="LOC_DISTRICT_BZ_URBAN_DISTRICT" Language="ru_RU">
            <Text>Район</Text>
        </Row>
        <Row Tag="LOC_DISTRICT_BZ_URBAN_QUARTER" Language="ru_RU">
            <Text>Квартал</Text>
        </Row>
        <Row Tag="LOC_DISTRICT_BZ_URBAN_VACANT" Language="ru_RU">
            <Text>Свободный Район</Text>
        </Row>
        <Row Tag="LOC_INDEPENDENT_BZ_RELATIONSHIP_TRIBUTARY" Language="ru_RU">
            <Text>Вассал</Text>
        </Row>
        <Row Tag="LOC_LEADER_BZ_PEOPLE_NAME" Language="ru_RU">
            <Text>{1_name}</Text>
        </Row>
        <Row Tag="LOC_OPTIONS_BZ_MAP_TRIX_VERBOSE" Language="ru_RU">
            <Text>Map Trix • уровень детализации</Text>
        </Row>
        <Row Tag="LOC_OPTIONS_BZ_MAP_TRIX_VERBOSE_DESCRIPTION" Language="ru_RU">
            <Text>Насколько подробно отображать.[N] [N][B]Сочетания клавиш[/B][N]Краткий • Ctrl[N]Подробный • Shift[N]Скрытое • Ctrl+Shift</Text>
        </Row>
        <Row Tag="LOC_OPTIONS_BZ_RESTYLE_YIELD_BANNER" Language="ru_RU">
            <Text>Map Trix • изменить внешний вид верхнего баннера</Text>
        </Row>
        <Row Tag="LOC_OPTIONS_BZ_RESTYLE_YIELD_BANNER_DESCRIPTION" Language="ru_RU">
            <Text>Изменяет верхнюю панель в соответствии с Моды от Trixie.</Text>
        </Row>
        <Row Tag="LOC_OPTIONS_BZ_VERBOSITY_HIDDEN" Language="ru_RU">
            <Text>Скрытое</Text>
        </Row>
        <Row Tag="LOC_OPTIONS_BZ_VERBOSITY_COMPACT" Language="ru_RU">
            <Text>Краткий</Text>
        </Row>
        <Row Tag="LOC_OPTIONS_BZ_VERBOSITY_STANDARD" Language="ru_RU">
            <Text>Стандартная</Text>
        </Row>
        <Row Tag="LOC_OPTIONS_BZ_VERBOSITY_VERBOSE" Language="ru_RU">
            <Text>Подробный</Text>
        </Row>
        <Replace Tag="LOC_OPTIONS_GROUP_BZ_MODS" Language="ru_RU">
            <Text>Моды от Trixie</Text>
        </Replace>
        <Row Tag="LOC_RESOURCECLASS_BONUS_NAME_BZ" Language="ru_RU">
            <Text>Бонусный Ресурс</Text>
        </Row>
        <Row Tag="LOC_RESOURCECLASS_CITY_NAME_BZ" Language="ru_RU">
            <Text>Городской Ресурс</Text>
        </Row>
        <Row Tag="LOC_RESOURCECLASS_EMPIRE_NAME_BZ" Language="ru_RU">
            <Text>Имперский Ресурс</Text>
        </Row>
        <Row Tag="LOC_RESOURCECLASS_FACTORY_NAME_BZ" Language="ru_RU">
            <Text>Ресурс Фабрики</Text>
        </Row>
        <Row Tag="LOC_RESOURCECLASS_TREASURE_NAME_BZ" Language="ru_RU">
            <Text>Ресурс Сокровище</Text>
        </Row>
        <Row Tag="LOC_STATE_BZ_UNIQUE" Language="ru_RU">
            <Text>Уникальное</Text>
        </Row>
        <Row Tag="LOC_YIELD_BZ_TOTAL" Language="ru_RU">
            <Text>Общий Доход</Text>
        </Row>
    </LocalizedText>
</Database>
