<?xml version="1.0" encoding="utf-8"?>
<Database>
    <LocalizedText>
        <Replace Tag="LOC_BZ_PEOPLE_NAME" Language="ru_RU">
            <Text>{1_name}</Text>
        </Replace>
        <Replace Tag="LOC_BZ_RELATIONSHIP_TRIBUTARY" Language="ru_RU">
            <Text>Вассал</Text>
        </Replace>
        <Replace Tag="LOC_BZ_SETTLEMENT_CITY_STATE" Language="ru_RU">
            <Text>Город-государство</Text>
        </Replace>
        <Replace Tag="LOC_BZ_WAS_PREVIOUSLY" Language="ru_RU">
            <Text>(Раньше {1_name})</Text>
        </Replace>
        <Replace Tag="LOC_BZ_IMPROVEMENT_FOR_TILE" Language="ru_RU">
            <Text>Улучшает {1_icon} {2_name}</Text>
        </Replace>
        <Replace Tag="LOC_BZ_IMPROVEMENT_FOR_RESOURCE" Language="ru_RU">
            <Text>Улучшает {1_icon} {2_name}</Text>
        </Replace>
        <Replace Tag="LOC_DISTRICT_BZ_DISCOVERY" Language="ru_RU">
            <Text>Открытие</Text>
        </Replace>
        <Replace Tag="LOC_DISTRICT_BZ_INDEPENDENT" Language="ru_RU">
            <Text>Независимые</Text>
        </Replace>
        <Replace Tag="LOC_DISTRICT_BZ_TOWN_CENTER" Language="ru_RU">
            <Text>Центр Города </Text>
        </Replace>
        <Replace Tag="LOC_DISTRICT_BZ_URBAN_DISTRICT" Language="ru_RU">
            <Text>Городской Район</Text>
        </Replace>
        <Replace Tag="LOC_DISTRICT_BZ_URBAN_QUARTER" Language="ru_RU">
            <Text>Квартал</Text>
        </Replace>
        <Replace Tag="LOC_DISTRICT_BZ_URBAN_VACANT" Language="ru_RU">
            <Text>Свободный Район</Text>
        </Replace>
        <Replace Tag="LOC_OPTIONS_BZ_MAP_TRIX_VERBOSE" Language="ru_RU">
            <Text>Map Trix • Степень детализации подсказок</Text>
        </Replace>
        <Replace Tag="LOC_OPTIONS_BZ_MAP_TRIX_VERBOSE_DESCRIPTION" Language="ru_RU">
            <Text>Насколько подробно отображать информацию в подсказках.[N] [N][B]Сочетания клавиш:[/B][N]Кратко • Ctrl[N]Подробно • Shift[N]Скрыть подсказки • Ctrl+Shift</Text>
        </Replace>
        <Replace Tag="LOC_OPTIONS_BZ_RESTYLE_YIELD_BANNER" Language="ru_RU">
            <Text>Map Trix • Изменить оформление верхней панели доходов</Text>
        </Replace>
        <Replace Tag="LOC_OPTIONS_BZ_RESTYLE_YIELD_BANNER_DESCRIPTION" Language="ru_RU">
            <Text>Изменяет верхнюю панель в соответствии со стилистикой других модов от Trixie.</Text>
        </Replace>
        <Replace Tag="LOC_OPTIONS_BZ_VERBOSITY_HIDDEN" Language="ru_RU">
            <Text>Скрыть подсказки</Text>
        </Replace>
        <Replace Tag="LOC_OPTIONS_BZ_VERBOSITY_COMPACT" Language="ru_RU">
            <Text>Кратко</Text>
        </Replace>
        <Replace Tag="LOC_OPTIONS_BZ_VERBOSITY_STANDARD" Language="ru_RU">
            <Text>Стандартно</Text>
        </Replace>
        <Replace Tag="LOC_OPTIONS_BZ_VERBOSITY_VERBOSE" Language="ru_RU">
            <Text>Подробно</Text>
        </Replace>
        <Replace Tag="LOC_OPTIONS_GROUP_BZ_MODS" Language="ru_RU">
            <Text>Моды от Trixie</Text>
        </Replace>
        <Replace Tag="LOC_STATE_BZ_UNIQUE" Language="ru_RU">
            <Text>Уникальное</Text>
        </Replace>
        <Replace Tag="LOC_YIELD_BZ_TOTAL" Language="ru_RU">
            <Text>Общий Доход</Text>
        </Replace>
    </LocalizedText>
</Database>
