<?xml version="1.0" encoding="utf-8"?>
<Database>
    <LocalizedText>
        <Replace Tag="LOC_BZ_PEOPLE_NAME" Language="ru_RU">
            <Text>{1_name}</Text>
        </Replace>
        <Replace Tag="LOC_BZ_RELATIONSHIP_TRIBUTARY" Language="ru_RU">
            <Text>Вассал</Text>
        </Replace>
        <Replace Tag="LOC_BZ_SETTLEMENT_CITY_STATE" Language="ru_RU">
            <Text>Город-государство</Text>
        </Replace>
        <Replace Tag="LOC_BZ_WAS_PREVIOUSLY" Language="ru_RU">
            <Text>(Раньше {1_name})</Text>
        </Replace>
        <Replace Tag="LOC_BZ_IMPROVEMENT_FOR_TILE" Language="ru_RU">
            <Text>Улучшает {1_icon} {2_name}</Text>
        </Replace>
        <Replace Tag="LOC_BZ_IMPROVEMENT_FOR_RESOURCE" Language="ru_RU">
            <Text>Улучшает {1_icon} {2_name}</Text>
        </Replace>
        <Replace Tag="LOC_DISTRICT_BZ_DISCOVERY" Language="ru_RU">
            <Text>Открытие</Text>
        </Replace>
        <Replace Tag="LOC_DISTRICT_BZ_INDEPENDENT" Language="ru_RU">
            <Text>Независимые</Text>
        </Replace>
        <Replace Tag="LOC_DISTRICT_BZ_TOWN_CENTER" Language="ru_RU">
            <Text>Центр Города </Text>
        </Replace>
        <Replace Tag="LOC_DISTRICT_BZ_URBAN_VACANT" Language="ru_RU">
            <Text>Свободный Район</Text>
        </Replace>
        <Replace Tag="LOC_OPTIONS_BZ_COMLENS_NONE" Language="ru_RU">
            <Text>Нет</Text>
        </Replace>
        <Replace Tag="LOC_OPTIONS_BZ_COMLENS_COMMANDERS" Language="ru_RU">
            <Text>Командиры</Text>
        </Replace>
        <Replace Tag="LOC_OPTIONS_BZ_COMLENS_MILITARY" Language="ru_RU">
            <Text>Все воинские юниты</Text>
        </Replace>
        <Replace Tag="LOC_OPTIONS_BZ_COMLENS_RECON" Language="ru_RU">
            <Text>Военные и разведчики</Text>
        </Replace>
        <Replace Tag="LOC_OPTIONS_BZ_COMMANDER_LENS" Language="ru_RU">
            <Text>Map Trix • Активация линзы Командира</Text>
        </Replace>
        <Replace Tag="LOC_OPTIONS_BZ_COMMANDER_LENS_DESCRIPTION" Language="ru_RU">
            <Text>Выберите, какие юниты активируют линзу Командира.</Text>
        </Replace>
        <Replace Tag="LOC_OPTIONS_BZ_MAP_TRIX_VERBOSE" Language="ru_RU">
            <Text>Map Trix • Степень детализации подсказок</Text>
        </Replace>
        <Replace Tag="LOC_OPTIONS_BZ_MAP_TRIX_VERBOSE_DESCRIPTION" Language="ru_RU">
            <Text>Насколько подробно отображать информацию в подсказках.[N] [N][B]Сочетания клавиш:[/B][N]Кратко • Ctrl[N]Подробно • Shift[N]Скрыть подсказки • Ctrl+Shift</Text>
        </Replace>
        <Replace Tag="LOC_OPTIONS_BZ_RESTYLE_YIELD_BANNER" Language="ru_RU">
            <Text>Map Trix • Изменить оформление верхней панели доходов</Text>
        </Replace>
        <Replace Tag="LOC_OPTIONS_BZ_RESTYLE_YIELD_BANNER_DESCRIPTION" Language="ru_RU">
            <Text>Изменяет верхнюю панель в соответствии со стилистикой других модов от Trixie.</Text>
        </Replace>
        <Replace Tag="LOC_OPTIONS_BZ_VERBOSITY_HIDDEN" Language="ru_RU">
            <Text>Скрыть подсказки</Text>
        </Replace>
        <Replace Tag="LOC_OPTIONS_BZ_VERBOSITY_COMPACT" Language="ru_RU">
            <Text>Кратко</Text>
        </Replace>
        <Replace Tag="LOC_OPTIONS_BZ_VERBOSITY_STANDARD" Language="ru_RU">
            <Text>Стандартно</Text>
        </Replace>
        <Replace Tag="LOC_OPTIONS_BZ_VERBOSITY_VERBOSE" Language="ru_RU">
            <Text>Подробно</Text>
        </Replace>
        <Replace Tag="LOC_OPTIONS_GROUP_BZ_MODS" Language="ru_RU">
            <Text>Моды от Trixie</Text>
        </Replace>
        <Replace Tag="LOC_STATE_BZ_UNIQUE" Language="ru_RU">
            <Text>Уникальное</Text>
        </Replace>
        <Replace Tag="LOC_UI_KBM_MAPPING_TOGGLE_BZ_BORDERS" Language="ru_RU">
            <Text>Границы</Text>
        </Replace>
        <Replace Tag="LOC_UI_KBM_MAPPING_TOGGLE_BZ_BORDERS_TT" Language="ru_RU">
            <Text>Показывать или скрыть границы</Text>
        </Replace>
        <Replace Tag="LOC_UI_KBM_MAPPING_TOGGLE_BZ_CITY_BORDERS" Language="ru_RU">
            <Text>Поселения</Text>
        </Replace>
        <Replace Tag="LOC_UI_KBM_MAPPING_TOGGLE_BZ_CITY_BORDERS_TT" Language="ru_RU">
            <Text>Переключение между границами города и империи</Text>
        </Replace>
        <Replace Tag="LOC_UI_KBM_MAPPING_TOGGLE_BZ_DISCOVERY_ICONS" Language="ru_RU">
            <Text>Значки открытий</Text>
        </Replace>
        <Replace Tag="LOC_UI_KBM_MAPPING_TOGGLE_BZ_DISCOVERY_ICONS_TT" Language="ru_RU">
            <Text>Показывать или скрыть значки открытий</Text>
        </Replace>
        <Replace Tag="LOC_UI_KBM_MAPPING_TOGGLE_BZ_FORTIFICATION_ICONS" Language="ru_RU">
            <Text>Значки укреплений</Text>
        </Replace>
        <Replace Tag="LOC_UI_KBM_MAPPING_TOGGLE_BZ_FORTIFICATION_ICONS_TT" Language="ru_RU">
            <Text>Показывать или скрыть значки укреплений</Text>
        </Replace>
        <Replace Tag="LOC_UI_KBM_MAPPING_TOGGLE_BZ_RELIGION_ICONS" Language="ru_RU">
            <Text>Значки религии</Text>
        </Replace>
        <Replace Tag="LOC_UI_KBM_MAPPING_TOGGLE_BZ_RELIGION_ICONS_TT" Language="ru_RU">
            <Text>Показывать или скрыть значки религии</Text>
        </Replace>
        <Replace Tag="LOC_UI_KBM_MAPPING_TOGGLE_BZ_ROUTE_LAYER" Language="ru_RU">
            <Text>Дорожная карта</Text>
        </Replace>
        <Replace Tag="LOC_UI_KBM_MAPPING_TOGGLE_BZ_ROUTE_LAYER_TT" Language="ru_RU">
            <Text>Показывать или скрыть дорожная карта</Text>
        </Replace>
        <Replace Tag="LOC_UI_KBM_MAPPING_TOGGLE_BZ_TERRAIN_LAYER" Language="ru_RU">
            <Text>Особенности ландшафта</Text>
        </Replace>
        <Replace Tag="LOC_UI_KBM_MAPPING_TOGGLE_BZ_TERRAIN_LAYER_TT" Language="ru_RU">
            <Text>Показывать или скрыть особенности ландшафта</Text>
        </Replace>
        <Replace Tag="LOC_UI_MINI_MAP_BZ_BORDERS" Language="ru_RU">
            <Text>Границы</Text>
        </Replace>
        <Replace Tag="LOC_UI_MINI_MAP_BZ_CITY_BORDERS" Language="ru_RU">
            <Text>Поселения</Text>
        </Replace>
        <Replace Tag="LOC_UI_MINI_MAP_BZ_DISCOVERY" Language="ru_RU">
            <Text>Открытия</Text>
        </Replace>
        <Replace Tag="LOC_UI_MINI_MAP_BZ_FORTIFICATION" Language="ru_RU">
            <Text>Укрепления</Text>
        </Replace>
        <Replace Tag="LOC_UI_MINI_MAP_BZ_ROUTE" Language="ru_RU">
            <Text>Дороги</Text>
        </Replace>
        <Replace Tag="LOC_UI_MINI_MAP_BZ_TERRAIN" Language="ru_RU">
            <Text>Ландшафт</Text>
        </Replace>
        <Replace Tag="LOC_YIELD_BZ_TOTAL" Language="ru_RU">
            <Text>Общий Доход</Text>
        </Replace>
    </LocalizedText>
</Database>
