<?xml version="1.0" encoding="utf-8"?>
<Database>
	<EnglishText>
		<Replace Tag="LOC_MAPSIZE_LARGE_NAME">
			<Text>Large</Text>
		</Replace>
		<Replace Tag="LOC_MAPSIZE_HUGE_NAME">
			<Text>Huge</Text>
		</Replace>
		<Replace Tag="LOC_MAP_GREATEST_EARTH_SIZE_NAME">
			<Text>Custom Huge for Greatest Earth (104x64)</Text>
		</Replace>
		<Replace Tag="LOC_MAPSIZE_MASSIVE_NAME">
			<Text>Massive (128x80)</Text>
		</Replace>
		<Replace Tag="LOC_MAPSIZE_GIANT_NAME">
			<Text>Giant (180x94)[n][icon:BUILDING_WARNING] no texture on tiles > 127</Text>
		</Replace>
		<Replace Tag="LOC_MAPSIZE_LUDICROUS_NAME">
			<Text>Ludicrous (230x116)[n][icon:BUILDING_WARNING] no texture on tiles > 127</Text>
		</Replace>
		<Replace Tag="LOC_MAP_CONTINENTS_YNAMP_NAME">
			<Text>Continents++ (YnAMP)</Text>
		</Replace>
		<Replace Tag="LOC_MAP_FRACTAL_YNAMP_NAME">
			<Text>Fractal (YnAMP)</Text>
		</Replace>
		<Replace Tag="LOC_MAP_GIANT_EARTH_YNAMP_NAME">
			<Text>Giant Earth Map (YnAMP)</Text>
		</Replace>
		<Replace Tag="LOC_MAP_GREATEST_EARTH_YNAMP_NAME">
			<Text>Greatest Earth Map (YnAMP)[n]Civ5 map by djvandyke</Text>
		</Replace>
	</EnglishText>
</Database>