<?xml version="1.0" encoding="utf-8"?>
<Database>
    <LocalizedText>
        <Row Tag="LOC_OPTIONS_GROUP_LF_YIELDS" Language="it_IT">
            <Text>Leonardfactory: Anteprima delle Rese delle Politiche</Text>
        </Row>
        <Row Tag="LOC_MOD_LF_YIELDS_OPTION_COLORFUL" Language="it_IT">
            <Text>Colora le anteprime delle Rese delle politiche sociali</Text>
        </Row>
        <Row Tag="LOC_MOD_LF_YIELDS_OPTION_COLORFUL_DESC" Language="it_IT">
            <Text>Colora le anteprime delle Rese delle politiche sociali in base al loro tipo, per renderle più facili da distinguere.</Text>
        </Row>
    </LocalizedText>
</Database>
