<?xml version="1.0" encoding="utf-8"?>
<Database>
    <LocalizedText>
        <Replace Tag="LOC_BZ_PEOPLE_NAME" Language="de_DE">
            <Text>Volk der {1_name}</Text>
        </Replace>
        <Replace Tag="LOC_BZ_RELATIONSHIP_TRIBUTARY" Language="de_DE">
            <Text>Abhängig</Text>
        </Replace>
        <Replace Tag="LOC_BZ_SETTLEMENT_CITY_STATE" Language="de_DE">
            <Text>Stadtstaat</Text>
        </Replace>
        <Replace Tag="LOC_BZ_WAS_PREVIOUSLY" Language="de_DE">
            <Text>(War {1_name})</Text>
        </Replace>
        <Replace Tag="LOC_BZ_IMPROVEMENT_FOR_TILE" Language="de_DE">
            <Text>Erlaubt {1_icon} {2_name}</Text>
        </Replace>
        <Replace Tag="LOC_BZ_IMPROVEMENT_FOR_RESOURCE" Language="de_DE">
            <Text>Benötigt {1_icon} {2_name}</Text>
        </Replace>
        <Replace Tag="LOC_DISTRICT_BZ_DISCOVERY" Language="de_DE">
            <Text>Entdeckung</Text>
        </Replace>
        <Replace Tag="LOC_DISTRICT_BZ_INDEPENDENT" Language="de_DE">
            <Text>Unabhängig</Text>
        </Replace>
        <Replace Tag="LOC_DISTRICT_BZ_TOWN_CENTER" Language="de_DE">
            <Text>Stadtzentrum</Text>
        </Replace>
        <Replace Tag="LOC_DISTRICT_BZ_URBAN_DISTRICT" Language="de_DE">
            <Text>Bezirk</Text>
        </Replace>
        <Replace Tag="LOC_DISTRICT_BZ_URBAN_QUARTER" Language="de_DE">
            <Text>Quartier</Text>
        </Replace>
        <Replace Tag="LOC_DISTRICT_BZ_URBAN_VACANT" Language="de_DE">
            <Text>Freier Bezirk</Text>
        </Replace>
        <Replace Tag="LOC_OPTIONS_BZ_MAP_TRIX_VERBOSE" Language="de_DE">
            <Text>Map Trix • Detaillierungsgrad</Text>
        </Replace>
        <Replace Tag="LOC_OPTIONS_BZ_MAP_TRIX_VERBOSE_DESCRIPTION" Language="de_DE">
            <Text>Detaillierungsgrad für die Kartentools.[N] [N][B]Tastenkombination[/B][N]Kurz • Strg[N]Detailliert • Umschalt[N]Verborgen • Strg+Umschalt</Text>
        </Replace>
        <Replace Tag="LOC_OPTIONS_BZ_RESTYLE_YIELD_BANNER" Language="de_DE">
            <Text>Map Trix • gestaltet das Ertragsbanner neu</Text>
        </Replace>
        <Replace Tag="LOC_OPTIONS_BZ_RESTYLE_YIELD_BANNER_DESCRIPTION" Language="de_DE">
            <Text>Ändert die obere Leiste so, dass sie den abgerundeten Farbhervorhebungen in Trixies Mods entspricht.</Text>
        </Replace>
        <Replace Tag="LOC_OPTIONS_BZ_VERBOSITY_HIDDEN" Language="de_DE">
            <Text>Verborgen</Text>
        </Replace>
        <Replace Tag="LOC_OPTIONS_BZ_VERBOSITY_COMPACT" Language="de_DE">
            <Text>Kurz</Text>
        </Replace>
        <Replace Tag="LOC_OPTIONS_BZ_VERBOSITY_STANDARD" Language="de_DE">
            <Text>Standard</Text>
        </Replace>
        <Replace Tag="LOC_OPTIONS_BZ_VERBOSITY_VERBOSE" Language="de_DE">
            <Text>Detailliert</Text>
        </Replace>
        <Replace Tag="LOC_OPTIONS_GROUP_BZ_MODS" Language="de_DE">
            <Text>Trixies mods</Text>
        </Replace>
        <Replace Tag="LOC_RESOURCECLASS_BONUS_NAME_BZ" Language="de_DE">
            <Text>Bonus-Ressource</Text>
        </Replace>
        <Replace Tag="LOC_RESOURCECLASS_CITY_NAME_BZ" Language="de_DE">
            <Text>Stadtressource</Text>
        </Replace>
        <Replace Tag="LOC_RESOURCECLASS_EMPIRE_NAME_BZ" Language="de_DE">
            <Text>Reich-Ressource</Text>
        </Replace>
        <Replace Tag="LOC_RESOURCECLASS_FACTORY_NAME_BZ" Language="de_DE">
            <Text>Fabrikressource</Text>
        </Replace>
        <Replace Tag="LOC_RESOURCECLASS_TREASURE_NAME_BZ" Language="de_DE">
            <Text>Schatzressource</Text>
        </Replace>
        <Replace Tag="LOC_STATE_BZ_UNIQUE" Language="de_DE">
            <Text>Einzigartig</Text>
        </Replace>
        <Replace Tag="LOC_YIELD_BZ_TOTAL" Language="de_DE">
            <Text>Gesamtertrag</Text>
        </Replace>
    </LocalizedText>
</Database>
