<?xml version="1.0" encoding="utf-8"?>
<Database>
    <LocalizedText>
        <Replace Tag="LOC_BZ_PEOPLE_NAME" Language="de_DE">
            <Text>Volk der {1_name}</Text>
        </Replace>
        <Replace Tag="LOC_BZ_RELATIONSHIP_TRIBUTARY" Language="de_DE">
            <Text>Abhängig</Text>
        </Replace>
        <Replace Tag="LOC_BZ_SETTLEMENT_CITY_STATE" Language="de_DE">
            <Text>Stadtstaat</Text>
        </Replace>
        <Replace Tag="LOC_BZ_WAS_PREVIOUSLY" Language="de_DE">
            <Text>(War {1_name})</Text>
        </Replace>
        <Replace Tag="LOC_BZ_IMPROVEMENT_FOR_TILE" Language="de_DE">
            <Text>Erlaubt {1_icon} {2_name}</Text>
        </Replace>
        <Replace Tag="LOC_BZ_IMPROVEMENT_FOR_RESOURCE" Language="de_DE">
            <Text>Benötigt {1_icon} {2_name}</Text>
        </Replace>
        <Replace Tag="LOC_DISTRICT_BZ_DISCOVERY" Language="de_DE">
            <Text>Entdeckung</Text>
        </Replace>
        <Replace Tag="LOC_DISTRICT_BZ_INDEPENDENT" Language="de_DE">
            <Text>Unabhängig</Text>
        </Replace>
        <Replace Tag="LOC_DISTRICT_BZ_TOWN_CENTER" Language="de_DE">
            <Text>Stadtzentrum</Text>
        </Replace>
        <Replace Tag="LOC_DISTRICT_BZ_URBAN_VACANT" Language="de_DE">
            <Text>Freier Bezirk</Text>
        </Replace>
        <Replace Tag="LOC_OPTIONS_BZ_COMLENS_NONE" Language="de_DE">
            <Text>Keiner</Text>
        </Replace>
        <Replace Tag="LOC_OPTIONS_BZ_COMLENS_COMMANDERS" Language="de_DE">
            <Text>Kommandanten</Text>
        </Replace>
        <Replace Tag="LOC_OPTIONS_BZ_COMLENS_MILITARY" Language="de_DE">
            <Text>Alle Militäreinheiten</Text>
        </Replace>
        <Replace Tag="LOC_OPTIONS_BZ_COMLENS_RECON" Language="de_DE">
            <Text>Militär- und Aufklärungseinheiten</Text>
        </Replace>
        <Replace Tag="LOC_OPTIONS_BZ_COMMANDER_LENS" Language="de_DE">
            <Text>Map Trix • Aktivierung der Kommandantenlinse</Text>
        </Replace>
        <Replace Tag="LOC_OPTIONS_BZ_COMMANDER_LENS_DESCRIPTION" Language="de_DE">
            <Text>Wählt aus, welche Einheiten aktivieren die Kommandantenlinse.</Text>
        </Replace>
        <Replace Tag="LOC_OPTIONS_BZ_MAP_TRIX_VERBOSE" Language="de_DE">
            <Text>Map Trix • Detaillierungsgrad</Text>
        </Replace>
        <Replace Tag="LOC_OPTIONS_BZ_MAP_TRIX_VERBOSE_DESCRIPTION" Language="de_DE">
            <Text>Die Detailstufe von Kartentools.[N] [N][B]Tastenkombination[/B][N]Kurz • Strg[N]Detailliert • Umschalt[N]Verborgen • Strg+Umschalt</Text>
        </Replace>
        <Replace Tag="LOC_OPTIONS_BZ_RESTYLE_YIELD_BANNER" Language="de_DE">
            <Text>Map Trix • gestaltet das Ertragsbanner neu</Text>
        </Replace>
        <Replace Tag="LOC_OPTIONS_BZ_RESTYLE_YIELD_BANNER_DESCRIPTION" Language="de_DE">
            <Text>Ändert die obere Leiste so, dass sie den abgerundeten Farbhervorhebungen in Trixies Mods entspricht.</Text>
        </Replace>
        <Replace Tag="LOC_OPTIONS_BZ_VERBOSITY_HIDDEN" Language="de_DE">
            <Text>Verborgen</Text>
        </Replace>
        <Replace Tag="LOC_OPTIONS_BZ_VERBOSITY_COMPACT" Language="de_DE">
            <Text>Kurz</Text>
        </Replace>
        <Replace Tag="LOC_OPTIONS_BZ_VERBOSITY_STANDARD" Language="de_DE">
            <Text>Standard</Text>
        </Replace>
        <Replace Tag="LOC_OPTIONS_BZ_VERBOSITY_VERBOSE" Language="de_DE">
            <Text>Detailliert</Text>
        </Replace>
        <Replace Tag="LOC_OPTIONS_GROUP_BZ_MODS" Language="de_DE">
            <Text>Trixies mods</Text>
        </Replace>
        <Replace Tag="LOC_STATE_BZ_UNIQUE" Language="de_DE">
            <Text>Einzigartig</Text>
        </Replace>
        <Replace Tag="LOC_UI_KBM_MAPPING_TOGGLE_BZ_BORDERS" Language="de_DE">
            <Text>Grenzen umschalten</Text>
        </Replace>
        <Replace Tag="LOC_UI_KBM_MAPPING_TOGGLE_BZ_BORDERS_TT" Language="de_DE">
            <Text>Sichtbarkeit der Grenzen umschalten</Text>
        </Replace>
        <Replace Tag="LOC_UI_KBM_MAPPING_TOGGLE_BZ_CITY_BORDERS" Language="de_DE">
            <Text>Stadtgrenzen umschalten</Text>
        </Replace>
        <Replace Tag="LOC_UI_KBM_MAPPING_TOGGLE_BZ_CITY_BORDERS_TT" Language="de_DE">
            <Text>Umschalten zwischen Stadt- und Reichsgrenzen</Text>
        </Replace>
        <Replace Tag="LOC_UI_KBM_MAPPING_TOGGLE_BZ_DISCOVERY_ICONS" Language="de_DE">
            <Text>Entdeckungssymbole umschalten</Text>
        </Replace>
        <Replace Tag="LOC_UI_KBM_MAPPING_TOGGLE_BZ_DISCOVERY_ICONS_TT" Language="de_DE">
            <Text>Sichtbarkeit der Entdeckungssymbole umschalten</Text>
        </Replace>
        <Replace Tag="LOC_UI_KBM_MAPPING_TOGGLE_BZ_FORTIFICATION_ICONS" Language="de_DE">
            <Text>Befestigungssymbole umschalten</Text>
        </Replace>
        <Replace Tag="LOC_UI_KBM_MAPPING_TOGGLE_BZ_FORTIFICATION_ICONS_TT" Language="de_DE">
            <Text>Sichtbarkeit der Befestigungssymbole umschalten</Text>
        </Replace>
        <Replace Tag="LOC_UI_KBM_MAPPING_TOGGLE_BZ_RELIGION_ICONS" Language="de_DE">
            <Text>Religionssymbole umschalten</Text>
        </Replace>
        <Replace Tag="LOC_UI_KBM_MAPPING_TOGGLE_BZ_RELIGION_ICONS_TT" Language="de_DE">
            <Text>Sichtbarkeit der Religionssymbole umschalten</Text>
        </Replace>
        <Replace Tag="LOC_UI_KBM_MAPPING_TOGGLE_BZ_ROUTE_LAYER" Language="de_DE">
            <Text>Straßenkarte umschalten</Text>
        </Replace>
        <Replace Tag="LOC_UI_KBM_MAPPING_TOGGLE_BZ_ROUTE_LAYER_TT" Language="de_DE">
            <Text>Sichtbarkeit der Straßenkarte umschalten</Text>
        </Replace>
        <Replace Tag="LOC_UI_KBM_MAPPING_TOGGLE_BZ_TERRAIN_LAYER" Language="de_DE">
            <Text>Geländemerkmale umschalten</Text>
        </Replace>
        <Replace Tag="LOC_UI_KBM_MAPPING_TOGGLE_BZ_TERRAIN_LAYER_TT" Language="de_DE">
            <Text>Sichtbarkeit der Geländemerkmale umschalten.</Text>
        </Replace>
        <Replace Tag="LOC_UI_MINI_MAP_BZ_BORDERS" Language="de_DE">
            <Text>Grenzen</Text>
        </Replace>
        <Replace Tag="LOC_UI_MINI_MAP_BZ_CITY_BORDERS" Language="de_DE">
            <Text>Stadtgrenzen</Text>
        </Replace>
        <Replace Tag="LOC_UI_MINI_MAP_BZ_DISCOVERY" Language="de_DE">
            <Text>Entdeckungen</Text>
        </Replace>
        <Replace Tag="LOC_UI_MINI_MAP_BZ_FORTIFICATION" Language="de_DE">
            <Text>Befestigungen</Text>
        </Replace>
        <Replace Tag="LOC_UI_MINI_MAP_BZ_ROUTE" Language="de_DE">
            <Text>Straßen</Text>
        </Replace>
        <Replace Tag="LOC_UI_MINI_MAP_BZ_TERRAIN" Language="de_DE">
            <Text>Gelände</Text>
        </Replace>
        <Replace Tag="LOC_YIELD_BZ_TOTAL" Language="de_DE">
            <Text>Gesamtertrag</Text>
        </Replace>
    </LocalizedText>
</Database>
