<?xml version="1.0" encoding="utf-8"?>
<Database>
    <LocalizedText>
        <Row Tag="LOC_BZ_CITY_CONNECTIONS" Language="de_DE">
            <Text>Verbindungen • {1_cities}[icon:YIELD_CITIES] {2_towns}[icon:YIELD_TOWNS]</Text>
        </Row>
        <Row Tag="LOC_BZ_HEMISPHERE_HOMELANDS" Language="de_DE">
            <Text>Heimatland</Text>
        </Row>
        <Row Tag="LOC_BZ_IMPROVEMENT_FOR_TILE" Language="de_DE">
            <Text>Erlaubt {1_icon} {2_name}</Text>
        </Row>
        <Row Tag="LOC_BZ_IMPROVEMENT_FOR_RESOURCE" Language="de_DE">
            <Text>Benötigt {1_icon} {2_name}</Text>
        </Row>
        <Row Tag="LOC_BZ_IMPROVEMENT_FOR_WAREHOUSE" Language="de_DE">
            <Text>(War {1_icon} {2_name})</Text>
        </Row>
        <Row Tag="LOC_BZ_PLOTKEY_NO_FRESHWATER" Language="de_DE">
            <Text>Kein Süßwasser</Text>
        </Row>
        <Row Tag="LOC_BZ_RELIGION_MAJORITY" Language="de_DE">
            <Text>Mehrheit {1_icon} {2_name}</Text>
        </Row>
        <Row Tag="LOC_BZ_RELIGION_RURAL" Language="de_DE">
            <Text>Ländlich {1_icon} {2_name}</Text>
        </Row>
        <Row Tag="LOC_BZ_RELIGION_URBAN" Language="de_DE">
            <Text>Städtisch {1_icon} {2_name}</Text>
        </Row>
        <Row Tag="LOC_DISTRICT_BZ_CITY_STATE" Language="de_DE">
            <Text>Stadtstaat</Text>
        </Row>
        <Row Tag="LOC_DISTRICT_BZ_DISCOVERY" Language="de_DE">
            <Text>Entdeckung</Text>
        </Row>
        <Row Tag="LOC_DISTRICT_BZ_INDEPENDENT" Language="de_DE">
            <Text>Unabhängig</Text>
        </Row>
        <Row Tag="LOC_DISTRICT_BZ_SPECIALISTS" Language="de_DE">
            <Text>Spezialist [icon:CITY_SPECIAL_BASE] {1_number}/{2_maximum}</Text>
        </Row>
        <Row Tag="LOC_DISTRICT_BZ_TOWN_CENTER" Language="de_DE">
            <Text>Stadtzentrum</Text>
        </Row>
        <Row Tag="LOC_DISTRICT_BZ_URBAN_DISTRICT" Language="de_DE">
            <Text>Bezirk</Text>
        </Row>
        <Row Tag="LOC_DISTRICT_BZ_URBAN_QUARTER" Language="de_DE">
            <Text>Quartier</Text>
        </Row>
        <Row Tag="LOC_DISTRICT_BZ_URBAN_VACANT" Language="de_DE">
            <Text>Freier Bezirk</Text>
        </Row>
        <Row Tag="LOC_DISTRICT_BZ_UNDEVELOPED" Language="de_DE">
            <Text>Unverbessert</Text>
        </Row>
        <Row Tag="LOC_INDEPENDENT_BZ_RELATIONSHIP_TRIBUTARY" Language="de_DE">
            <Text>Abhängig</Text>
        </Row>
        <Row Tag="LOC_LEADER_BZ_PEOPLE_NAME" Language="de_DE">
            <Text>Volk der {1_name}</Text>
        </Row>
        <Row Tag="LOC_OPTIONS_BZ_MAP_TRIX_VERBOSE" Language="de_DE">
            <Text>Map Trix • ausführliche Kartentools</Text>
        </Row>
        <Row Tag="LOC_OPTIONS_BZ_MAP_TRIX_VERBOSE_DESCRIPTION" Language="de_DE">
            <Text>Zeigt erweiterte Kartentools an. Wenn diese Option deaktiviert ist, können Sie ausführliche Informationen anzeigen, indem Sie Strg oder Umschalt gedrückt halten.</Text>
        </Row>
        <Row Tag="LOC_OPTIONS_BZ_RESTYLE_YIELD_BANNER" Language="de_DE">
            <Text>Map Trix • gestaltet das Ertragsbanner neu</Text>
        </Row>
        <Row Tag="LOC_OPTIONS_BZ_RESTYLE_YIELD_BANNER_DESCRIPTION" Language="de_DE">
            <Text>Ändert die obere Leiste so, dass sie den abgerundeten Farbhervorhebungen in Trixies Mods entspricht.</Text>
        </Row>
        <InsertOrIgnore Tag="LOC_OPTIONS_GROUP_BZ_MODS" Language="de_DE">
            <Text>Trixies mods</Text>
        </InsertOrIgnore>
        <Row Tag="LOC_RESOURCECLASS_BONUS_NAME_BZ" Language="de_DE">
            <Text>Bonus-Ressource</Text>
        </Row>
        <Row Tag="LOC_RESOURCECLASS_CITY_NAME_BZ" Language="de_DE">
            <Text>Stadtressource</Text>
        </Row>
        <Row Tag="LOC_RESOURCECLASS_EMPIRE_NAME_BZ" Language="de_DE">
            <Text>Reich-Ressource</Text>
        </Row>
        <Row Tag="LOC_RESOURCECLASS_FACTORY_NAME_BZ" Language="de_DE">
            <Text>Fabrikressource</Text>
        </Row>
        <Row Tag="LOC_RESOURCECLASS_TREASURE_NAME_BZ" Language="de_DE">
            <Text>Schatzressource</Text>
        </Row>
        <Row Tag="LOC_STATE_BZ_OBSOLETE" Language="de_DE">
            <Text>Veraltet</Text>
        </Row>
        <Row Tag="LOC_STATE_BZ_UNIQUE" Language="de_DE">
            <Text>Einzigartig</Text>
        </Row>
        <Row Tag="LOC_YIELD_BZ_TOTAL" Language="de_DE">
            <Text>Gesamtertrag</Text>
        </Row>
    </LocalizedText>
</Database>
