<?xml version="1.0" encoding="utf-8"?>
<Database>
    <LocalizedText>
        <Replace Tag="LOC_BZ_PEOPLE_NAME" Language="it_IT">
            <Text>Popolo di {1_name}</Text>
        </Replace>
        <Replace Tag="LOC_BZ_RELATIONSHIP_TRIBUTARY" Language="it_IT">
            <Text>Tributario</Text>
        </Replace>
        <Replace Tag="LOC_BZ_SETTLEMENT_CITY_STATE" Language="it_IT">
            <Text>Città-Stato</Text>
        </Replace>
        <Replace Tag="LOC_BZ_WAS_PREVIOUSLY" Language="it_IT">
            <Text>(Era {1_name})</Text>
        </Replace>
        <Replace Tag="LOC_BZ_IMPROVEMENT_FOR_TILE" Language="it_IT">
            <Text>Permette {1_icon} {2_name}</Text>
        </Replace>
        <Replace Tag="LOC_BZ_IMPROVEMENT_FOR_RESOURCE" Language="it_IT">
            <Text>Richiede {1_icon} {2_name}</Text>
        </Replace>
        <Replace Tag="LOC_DISTRICT_BZ_DISCOVERY" Language="it_IT">
            <Text>Scoperta</Text>
        </Replace>
        <Replace Tag="LOC_DISTRICT_BZ_INDEPENDENT" Language="it_IT">
            <Text>Indipendente</Text>
        </Replace>
        <Replace Tag="LOC_DISTRICT_BZ_TOWN_CENTER" Language="it_IT">
            <Text>Centro Cittadino</Text>
        </Replace>
        <Replace Tag="LOC_DISTRICT_BZ_URBAN_VACANT" Language="it_IT">
            <Text>Distretto Vacante</Text>
        </Replace>
        <Replace Tag="LOC_OPTIONS_BZ_COMLENS_NONE" Language="it_IT">
            <Text>Nessuno</Text>
        </Replace>
        <Replace Tag="LOC_OPTIONS_BZ_COMLENS_COMMANDERS" Language="it_IT">
            <Text>Comandanti</Text>
        </Replace>
        <Replace Tag="LOC_OPTIONS_BZ_COMLENS_MILITARY" Language="it_IT">
            <Text>Tutte le unità militari</Text>
        </Replace>
        <Replace Tag="LOC_OPTIONS_BZ_COMLENS_RECON" Language="it_IT">
            <Text>Unità militari e di ricognizione</Text>
        </Replace>
        <Replace Tag="LOC_OPTIONS_BZ_COMMANDER_LENS" Language="it_IT">
            <Text>Map Trix • attivazione della lente Comandante</Text>
        </Replace>
        <Replace Tag="LOC_OPTIONS_BZ_COMMANDER_LENS_DESCRIPTION" Language="it_IT">
            <Text>Seleziona quali unità attivano la lente Comandante.</Text>
        </Replace>
        <Replace Tag="LOC_OPTIONS_BZ_MAP_TRIX_VERBOSE" Language="it_IT">
            <Text>Map Trix • grado di dettaglio</Text>
        </Replace>
        <Replace Tag="LOC_OPTIONS_BZ_MAP_TRIX_VERBOSE_DESCRIPTION" Language="it_IT">
            <Text>Quanti dettagli mostrare nei tooltip.[N] [N][B]Scorciatoia da tastiera[/B][N]Brevi • Ctrl[N]Dettagliati • Shift[N]Nascosti • Ctrl+Shift</Text>
        </Replace>
        <Replace Tag="LOC_OPTIONS_BZ_RESTYLE_YIELD_BANNER" Language="it_IT">
            <Text>Map Trix • restyling del banner delle rese</Text>
        </Replace>
        <Replace Tag="LOC_OPTIONS_BZ_RESTYLE_YIELD_BANNER_DESCRIPTION" Language="it_IT">
            <Text>Modifica lo stile della barra superiore per adattarla agli evidenziamenti arrotondati colorati nelle mod di trixie.</Text>
        </Replace>
        <Replace Tag="LOC_OPTIONS_BZ_VERBOSITY_HIDDEN" Language="it_IT">
            <Text>Nascosti</Text>
        </Replace>
        <Replace Tag="LOC_OPTIONS_BZ_VERBOSITY_COMPACT" Language="it_IT">
            <Text>Brevi</Text>
        </Replace>
        <Replace Tag="LOC_OPTIONS_BZ_VERBOSITY_STANDARD" Language="it_IT">
            <Text>Standard</Text>
        </Replace>
        <Replace Tag="LOC_OPTIONS_BZ_VERBOSITY_VERBOSE" Language="it_IT">
            <Text>Dettagliati</Text>
        </Replace>
        <Replace Tag="LOC_OPTIONS_GROUP_BZ_MODS" Language="it_IT">
            <Text>mod di Trixie</Text>
        </Replace>
        <Replace Tag="LOC_STATE_BZ_UNIQUE" Language="it_IT">
            <Text>Unico</Text>
        </Replace>
        <Replace Tag="LOC_UI_KBM_MAPPING_TOGGLE_BZ_BORDERS" Language="it_IT">
            <Text>Confini</Text>
        </Replace>
        <Replace Tag="LOC_UI_KBM_MAPPING_TOGGLE_BZ_BORDERS_TT" Language="it_IT">
            <Text>Attiva/disattiva la visibilità dei confini</Text>
        </Replace>
        <Replace Tag="LOC_UI_KBM_MAPPING_TOGGLE_BZ_CITY_BORDERS" Language="it_IT">
            <Text>Città</Text>
        </Replace>
        <Replace Tag="LOC_UI_KBM_MAPPING_TOGGLE_BZ_CITY_BORDERS_TT" Language="it_IT">
            <Text>Alterna i confini della città e dell'impero</Text>
        </Replace>
        <Replace Tag="LOC_UI_KBM_MAPPING_TOGGLE_BZ_DISCOVERY_ICONS" Language="it_IT">
            <Text>Icone di scoperta</Text>
        </Replace>
        <Replace Tag="LOC_UI_KBM_MAPPING_TOGGLE_BZ_DISCOVERY_ICONS_TT" Language="it_IT">
            <Text>Attiva/disattiva la visibilità delle icone di scoperta</Text>
        </Replace>
        <Replace Tag="LOC_UI_KBM_MAPPING_TOGGLE_BZ_FORTIFICATION_ICONS" Language="it_IT">
            <Text>Icone di fortificazione</Text>
        </Replace>
        <Replace Tag="LOC_UI_KBM_MAPPING_TOGGLE_BZ_FORTIFICATION_ICONS_TT" Language="it_IT">
            <Text>Attiva/disattiva la visibilità delle icone di fortificazione</Text>
        </Replace>
        <Replace Tag="LOC_UI_KBM_MAPPING_TOGGLE_BZ_RELIGION_ICONS" Language="it_IT">
            <Text>Icone della religione</Text>
        </Replace>
        <Replace Tag="LOC_UI_KBM_MAPPING_TOGGLE_BZ_RELIGION_ICONS_TT" Language="it_IT">
            <Text>Attiva/disattiva la visibilità delle icone della religione</Text>
        </Replace>
        <Replace Tag="LOC_UI_KBM_MAPPING_TOGGLE_BZ_ROUTE_LAYER" Language="it_IT">
            <Text>Mappa stradale</Text>
        </Replace>
        <Replace Tag="LOC_UI_KBM_MAPPING_TOGGLE_BZ_ROUTE_LAYER_TT" Language="it_IT">
            <Text>Attiva/disattiva la visibilità della mappa stradale</Text>
        </Replace>
        <Replace Tag="LOC_UI_KBM_MAPPING_TOGGLE_BZ_TERRAIN_LAYER" Language="it_IT">
            <Text>Caratteristiche del terreno</Text>
        </Replace>
        <Replace Tag="LOC_UI_KBM_MAPPING_TOGGLE_BZ_TERRAIN_LAYER_TT" Language="it_IT">
            <Text>Attiva/disattiva la visibilità delle caratteristiche del terreno</Text>
        </Replace>
        <Replace Tag="LOC_UI_MINI_MAP_BZ_BORDERS" Language="it_IT">
            <Text>Confini</Text>
        </Replace>
        <Replace Tag="LOC_UI_MINI_MAP_BZ_CITY_BORDERS" Language="it_IT">
            <Text>Città</Text>
        </Replace>
        <Replace Tag="LOC_UI_MINI_MAP_BZ_DISCOVERY" Language="it_IT">
            <Text>Scoperte</Text>
        </Replace>
        <Replace Tag="LOC_UI_MINI_MAP_BZ_FORTIFICATION" Language="it_IT">
            <Text>Fortificazioni</Text>
        </Replace>
        <Replace Tag="LOC_UI_MINI_MAP_BZ_ROUTE" Language="it_IT">
            <Text>Strade</Text>
        </Replace>
        <Replace Tag="LOC_UI_MINI_MAP_BZ_TERRAIN" Language="it_IT">
            <Text>Terreno</Text>
        </Replace>
        <Replace Tag="LOC_YIELD_BZ_TOTAL" Language="it_IT">
            <Text>Rese Totali</Text>
        </Replace>
    </LocalizedText>
</Database>
