<?xml version="1.0" encoding="utf-8"?>
<Database>
    <LocalizedText>
        <Replace Tag="LOC_BZ_PEOPLE_NAME" Language="it_IT">
            <Text>Popolo di {1_name}</Text>
        </Replace>
        <Replace Tag="LOC_BZ_RELATIONSHIP_TRIBUTARY" Language="it_IT">
            <Text>Tributario</Text>
        </Replace>
        <Replace Tag="LOC_BZ_SETTLEMENT_CITY_STATE" Language="it_IT">
            <Text>Città-Stato</Text>
        </Replace>
        <Replace Tag="LOC_BZ_WAS_PREVIOUSLY" Language="it_IT">
            <Text>(Era {1_name})</Text>
        </Replace>
        <Replace Tag="LOC_BZ_IMPROVEMENT_FOR_TILE" Language="it_IT">
            <Text>Permette {1_icon} {2_name}</Text>
        </Replace>
        <Replace Tag="LOC_BZ_IMPROVEMENT_FOR_RESOURCE" Language="it_IT">
            <Text>Richiede {1_icon} {2_name}</Text>
        </Replace>
        <Replace Tag="LOC_DISTRICT_BZ_DISCOVERY" Language="it_IT">
            <Text>Scoperta</Text>
        </Replace>
        <Replace Tag="LOC_DISTRICT_BZ_INDEPENDENT" Language="it_IT">
            <Text>Indipendente</Text>
        </Replace>
        <Replace Tag="LOC_DISTRICT_BZ_TOWN_CENTER" Language="it_IT">
            <Text>Centro Cittadino</Text>
        </Replace>
        <Replace Tag="LOC_DISTRICT_BZ_URBAN_DISTRICT" Language="it_IT">
            <Text>Distretto</Text>
        </Replace>
        <Replace Tag="LOC_DISTRICT_BZ_URBAN_QUARTER" Language="it_IT">
            <Text>Quartiere</Text>
        </Replace>
        <Replace Tag="LOC_DISTRICT_BZ_URBAN_VACANT" Language="it_IT">
            <Text>Distretto Vacante</Text>
        </Replace>
        <Replace Tag="LOC_OPTIONS_BZ_MAP_TRIX_VERBOSE" Language="it_IT">
            <Text>Map Trix • grado di dettaglio</Text>
        </Replace>
        <Replace Tag="LOC_OPTIONS_BZ_MAP_TRIX_VERBOSE_DESCRIPTION" Language="it_IT">
            <Text>Quanti dettagli mostrare nei tooltip.[N] [N][B]Scorciatoia da tastiera[/B][N]Brevi • Ctrl[N]Dettagliati • Shift[N]Nascosti • Ctrl+Shift</Text>
        </Replace>
        <Replace Tag="LOC_OPTIONS_BZ_RESTYLE_YIELD_BANNER" Language="it_IT">
            <Text>Map Trix • restyling del banner delle rese</Text>
        </Replace>
        <Replace Tag="LOC_OPTIONS_BZ_RESTYLE_YIELD_BANNER_DESCRIPTION" Language="it_IT">
            <Text>Modifica lo stile della barra superiore per adattarla agli evidenziamenti arrotondati colorati nelle mod di trixie.</Text>
        </Replace>
        <Replace Tag="LOC_OPTIONS_BZ_VERBOSITY_HIDDEN" Language="it_IT">
            <Text>Nascosti</Text>
        </Replace>
        <Replace Tag="LOC_OPTIONS_BZ_VERBOSITY_COMPACT" Language="it_IT">
            <Text>Brevi</Text>
        </Replace>
        <Replace Tag="LOC_OPTIONS_BZ_VERBOSITY_STANDARD" Language="it_IT">
            <Text>Standard</Text>
        </Replace>
        <Replace Tag="LOC_OPTIONS_BZ_VERBOSITY_VERBOSE" Language="it_IT">
            <Text>Dettagliati</Text>
        </Replace>
        <Replace Tag="LOC_OPTIONS_GROUP_BZ_MODS" Language="it_IT">
            <Text>mod di Trixie</Text>
        </Replace>
        <Replace Tag="LOC_STATE_BZ_UNIQUE" Language="it_IT">
            <Text>Unico</Text>
        </Replace>
        <Replace Tag="LOC_YIELD_BZ_TOTAL" Language="it_IT">
            <Text>Rese Totali</Text>
        </Replace>
    </LocalizedText>
</Database>
