<?xml version="1.0" encoding="UTF-8" standalone="yes"?>
<Database>
	<IconDefinitions>
		<Row>
			<ID>ATTRIBUTE_CULTURAL</ID>
			<Path>fs://game/att_cultural</Path>
		</Row>
		<Row>
			<ID>ATTRIBUTE_POLITICAL</ID>
			<Path>fs://game/att_political</Path>
		</Row>
		<Row>
			<ID>ATTRIBUTE_ECONOMIC</ID>
			<Path>fs://game/att_economic</Path>
		</Row>
		<Row>
			<ID>ATTRIBUTE_EXPANSIONIST</ID>
			<Path>fs://game/att_expansionist</Path>
		</Row>
		<Row>
			<ID>ATTRIBUTE_MILITARISTIC</ID>
			<Path>fs://game/att_militaristic</Path>
		</Row>
		<Row>
			<ID>ATTRIBUTE_SCIENTIFIC</ID>
			<Path>fs://game/att_scientific</Path>
		</Row>
		<Row>
			<ID>ATTRIBUTE_WILDCARD</ID>
			<Path>fs://game/bonus_wildcard</Path>
		</Row>
	</IconDefinitions>
</Database>