<?xml version="1.0" encoding="UTF-8" standalone="yes"?>
<Database>
	<IconDefinitions>
		<Row>
			<ID>DIPLOMACY_ESP_SUCCESS</ID>
			<Path>fs://game/dip_esp_success_icon.png</Path>
		</Row>
		<Row>
			<ID>DIPLOMACY_DECLARE_FORMAL_WAR_ICON</ID>
			<Path>fs://game/dip_war.png</Path>
		</Row>
		<Row>
			<ID>DIPLOMACY_DECLARE_SURPRISE_WAR_ICON</ID>
			<Path>fs://game/dip_surprizewar.png</Path>
		</Row>
		<Row>
			<ID>DIPLOMACY_CANCEL_DEAL_ICON</ID>
			<Path>fs://game/dip_cancel.png</Path>
		</Row>
	</IconDefinitions>
</Database>