<?xml version="1.0" encoding="utf-8" standalone="yes"?>
<Database>
	<IconDefinitions>
		<Row>
			<ID>POK_COMBAT_STRENGTH</ID>
			<Path>fs://game/Action_Attack.png</Path>
		</Row>
		<Row>
			<ID>POK_DEFENSE_STRENGTH</ID>
			<Path>fs://game/Action_Defend.png</Path>
		</Row>		
		<Row>
			<ID>POK_RANGED_STRENGTH</ID>
			<Path>fs://game/Action_Ranged.png</Path>
		</Row>
		<Row>
			<ID>POK_RANGED_ATTACK</ID>
			<Path>fs://game/action_rangedattack.png</Path>
		</Row>
		<Row>
			<ID>POK_BOMBARD_STRENGTH</ID>
			<Path>fs://game/cPromo_bombardment.png</Path>
		</Row>
		<Row>
			<ID>POK_BUILD_CHARGE</ID>
			<Path>fs://game/Action_Construct.png</Path>
		</Row>
		<Row>
			<ID>POK_MOVEMENT</ID>
			<Path>fs://game/Action_Move.png</Path>
		</Row>
		<Row>
			<ID>POK_HP</ID>
			<Path>fs://game/prod_generic.png</Path>
		</Row>		
		<Row>
			<ID>POK_SIGHT</ID>
			<Path>fs://game/action_showall</Path>
		</Row>
	</IconDefinitions>
</Database>