<?xml version="1.0" encoding="utf-8"?>
<Database>
	<LocalizedText>
		<Row Tag="LOC_BORDER_TOGGLES_NAME" Language="ru_RU">
			<Text>Border Toggles - Grenze Schalter</Text>
		</Row>
		<Row Tag="LOC_BORDER_TOGGLES_DESCRIPTION" Language="ru_RU">
			<Text>Добавляет переключатель отображения границ цивилизаций и границ городов. Границы городов показывают, какая клетка принадлежит какому городу. Полезно, когда города расположены близко.
			</Text>
		</Row>
	</LocalizedText>
</Database>
