<?xml version="1.0" encoding="utf-8"?>
<Database>
	<LocalizedText>
		<Row Tag="LOC_MOD_BORDER_TOGGLES_NAME" Language="zh_Hans_CN">
			<Text>Border Toggles</Text>
		</Row>
		<Row Tag="LOC_MOD_BORDER_TOGGLES_DESCRIPTION" Language="zh_Hans_CN">
			<Text>Adds toggles for showing/hiding civ borders and city borders. City borders show which tile belongs to which city, for cities close to each other.
			</Text>
		</Row>
		<Row Tag="LOC_MOD_BORDER_TOGGLES_SPECIALTHANKS" Language="zh_Hans_CN">
			<Text>Borush96, Gusjeon, iBlockZer0, leonardify, Somchai2548 and Webrok for localizations. And you, if you would provide a translation for simplified Chinese :-)</Text>
		</Row>
		<Row Tag="LOC_MOD_BORDER_TOGGLES_COMPATIBILITY" Language="zh_Hans_CN">
			<Text>This should be compatible with all other updated mods.</Text>
		</Row>
	</LocalizedText>
</Database>
