<?xml version="1.0" encoding="utf-8"?>
<Database>
    <LocalizedText>
        <Replace Tag="LOC_BZ_GROUPED_DIGITS" Language="de_DE">
            <Text>{1_amount: number #,###;-#,###}</Text>
        </Replace>
        <Replace Tag="LOC_BZ_GROUPED_MODIFIER" Language="de_DE">
            <Text>{1_amount: number +#,###;-#,###}</Text>
        </Replace>
        <Replace Tag="LOC_BZ_PEOPLE_NAME" Language="de_DE">
            <Text>Volk der {1_name}</Text>
        </Replace>
        <Replace Tag="LOC_BZ_RELATIONSHIP_TRIBUTARY" Language="de_DE">
            <Text>Abhängig</Text>
        </Replace>
        <Replace Tag="LOC_BZ_SETTLEMENT_CITY_STATE" Language="de_DE">
            <Text>Stadtstaat</Text>
        </Replace>
        <Replace Tag="LOC_BZ_SETTLEMENT_CONNECTIONS" Language="de_DE">
            <Text>Verbindungen</Text>
        </Replace>
        <Replace Tag="LOC_BZ_WAS_PREVIOUSLY" Language="de_DE">
            <Text>(War {1_name})</Text>
        </Replace>
    </LocalizedText>
</Database>
