<?xml version="1.0" encoding="utf-8"?>
<Database>
    <LocalizedText>
        <Replace Tag="LOC_BZ_GROUPED_DIGITS" Language="ko_KR">
            <Text>{1_amount: number #,###;-#,###}</Text>
        </Replace>
        <Replace Tag="LOC_BZ_GROUPED_MODIFIER" Language="ko_KR">
            <Text>{1_amount: number +#,###;-#,###}</Text>
        </Replace>
        <Replace Tag="LOC_BZ_PEOPLE_NAME" Language="ko_KR">
            <Text>{1_name} 민족</Text>
        </Replace>
        <Replace Tag="LOC_BZ_RELATIONSHIP_TRIBUTARY" Language="ko_KR">
            <Text>종속국</Text>
        </Replace>
        <Replace Tag="LOC_BZ_SETTLEMENT_CITY_STATE" Language="ko_KR">
            <Text>도시 국가</Text>
        </Replace>
        <Replace Tag="LOC_BZ_SETTLEMENT_CONNECTIONS" Language="ko_KR">
            <Text>연결된 정착지</Text>
        </Replace>
        <Replace Tag="LOC_BZ_WAS_PREVIOUSLY" Language="ko_KR">
            <Text>(이전에 {1_name})</Text>
        </Replace>
        <Replace Tag="LOC_OPTIONS_BZ_CITY_BANNERS" Language="ko_KR">
            <Text>Flag Corps • 도시 배너 스타일 변경</Text>
        </Replace>
        <Replace Tag="LOC_OPTIONS_BZ_CITY_BANNERS_DESCRIPTION" Language="ko_KR">
            <Text>도시 및 마을 배너를 더 깔끔하고 일관된 스타일로 업데이트합니다.</Text>
        </Replace>
        <Replace Tag="LOC_OPTIONS_BZ_FLAGS_NO_HEADS" Language="ko_KR">
            <Text>Flag Corps • 지도자 초상화 제거</Text>
        </Replace>
        <Replace Tag="LOC_OPTIONS_BZ_FLAGS_NO_HEADS_DESCRIPTION" Language="ko_KR">
            <Text>도시 배너에서 지도자 초상화를 제거합니다.</Text>
        </Replace>
        <Replace Tag="LOC_OPTIONS_BZ_FLAGS_NO_SHADOW" Language="ko_KR">
            <Text>Flag Corps • 유닛 깃발에서 검은 "그림자" 제거</Text>
        </Replace>
        <Replace Tag="LOC_OPTIONS_BZ_FLAGS_NO_SHADOW_DESCRIPTION" Language="ko_KR">
            <Text>우호 및 중립 유닛 깃발의 굵은 검은 윤곽선을 제거합니다.</Text>
        </Replace>
        <Replace Tag="LOC_OPTIONS_GROUP_BZ_MODS" Language="ko_KR">
            <Text>trixie의 다양한 모드</Text>
        </Replace>
    </LocalizedText>
</Database>
